utt_id,Real,Azure,Raw prediction,LoRA prediction,LoRA+Prompt prediction,WER__Azure,S__Azure,D__Azure,I__Azure,Subs__Azure,Dels__Azure,Ins__Azure,WER__Raw prediction,S__Raw prediction,D__Raw prediction,I__Raw prediction,Subs__Raw prediction,Dels__Raw prediction,Ins__Raw prediction,WER__LoRA prediction,S__LoRA prediction,D__LoRA prediction,I__LoRA prediction,Subs__LoRA prediction,Dels__LoRA prediction,Ins__LoRA prediction,WER__LoRA+Prompt prediction,S__LoRA+Prompt prediction,D__LoRA+Prompt prediction,I__LoRA+Prompt prediction,Subs__LoRA+Prompt prediction,Dels__LoRA+Prompt prediction,Ins__LoRA+Prompt prediction,delta_WER__Large_v3_stage,comparison__Large_v3_stage,delta_WER__Prompt_stage,comparison__Prompt_stage,delta_WER__Azure_to_LoRA,comparison__Azure_to_LoRA,delta_WER__Azure_to_Final,comparison__Azure_to_Final
01-01,Busan Tower Singapore 616 runway in sight joining downwind Runway 18R,Busan Towers Singapore 616 runway inside joining down runway one in right.,busan tower singapore 616 runway inside joining downwind runway 1e right,busan tower singapore 616 runway inside joining down runway one in right,busan tower singa 4616 runway in sight joining downwind runway one in right,0.6363636363636364,4,1,2,tower->towers | sight->inside | downwind->down | 18r->right,in,one | in,0.36363636363636365,2,1,1,sight->inside | 18r->right,in,1e,0.5454545454545454,3,1,2,sight->inside | downwind->down | 18r->right,in,one | in,0.45454545454545453,3,0,2,singapore->singa | 616->4616 | 18r->right,,one | in,-0.2727272727272727,Improvement,-0.09090909090909088,Improvement,-0.09090909090909094,Improvement,-0.18181818181818182,Improvement
01-02,"Roger, activate Route 2.","Roger, activate Route 2.",roger activity route 2,roger activate route 2,roger activate route 2,0.0,0,0,0,,,,0.25,1,0,0,activate->activity,,,0.0,0,0,0,,,,0.0,0,0,0,,,,0.25,Worsen,0.0,Same,0.0,Same,0.0,Same
01-03,Roger. Direct AB18R,"Roger directs a bit Money, right?",roger diving will be money right,roger direct ab18r,roger direct ab18r,1.6666666666666667,2,0,3,direct->money | ab18r->right,,directs | a | bit,1.6666666666666667,2,0,3,direct->money | ab18r->right,,diving | will | be,0.0,0,0,0,,,,0.0,0,0,0,,,,0.0,Same,0.0,Same,-1.6666666666666667,Improvement,-1.6666666666666667,Improvement
01-04,Flaps 30. Flaps at 30,Flights 30. Febsat 30.,flaps 30 flaps 30,flaps 30 flaps at 30,flaps 30,0.6,2,1,0,flaps->flights | at->febsat,flaps,,0.2,0,1,0,,at,,0.0,0,0,0,,,,0.6,0,3,0,,flaps | 30 | at,,-0.39999999999999997,Improvement,0.6,Worsen,-0.6,Improvement,0.0,Same
01-05,VS 700 check. Roger Landing Checklist below the line. Landing Gear.,Via 700 check. Roger Dancing checklist below the line landing gear.,ds700 check roger landing checklist preloaded line landing here,bs 700 check roger landing checklist preloaded line landing here,bs 700 check roger landing checklist preloaded line landing here,0.18181818181818182,2,0,0,vs->via | landing->dancing,,,0.45454545454545453,3,2,0,700->ds700 | the->preloaded | gear->here,vs | below,,0.36363636363636365,3,1,0,vs->bs | the->preloaded | gear->here,below,,0.36363636363636365,3,1,0,vs->bs | the->preloaded | gear->here,below,,0.2727272727272727,Worsen,0.0,Same,0.18181818181818182,Worsen,0.18181818181818182,Worsen
01-06,30 Green light exterior lights on landing clearance.,30 Green light exterior lights on landing clearance.,30 green light exterior lights on landing clearance,30 green light extra lights on landing clearance,30 green light x3 lights on landing clearance,0.0,0,0,0,,,,0.0,0,0,0,,,,0.125,1,0,0,exterior->extra,,,0.125,1,0,0,exterior->x3,,,0.0,Same,0.0,Same,0.125,Worsen,0.125,Worsen
01-07,Obtained runway 18R. Landing checklist complete.,Obtain runway 1/8. Right landing track is complete.,optane runway 18r landing channel is complete,obtain runway 18r landing checklist complete,optain runway 18r landing checklist complete,1.0,3,0,3,obtained->obtain | 18r->right | checklist->is,,1 | 8 | track,0.5,2,0,1,obtained->optane | checklist->is,,channel,0.16666666666666666,1,0,0,obtained->obtain,,,0.16666666666666666,1,0,0,obtained->optain,,,-0.5,Improvement,0.0,Same,-0.8333333333333334,Improvement,-0.8333333333333334,Improvement
01-08,Captain wrong runway. Captain wrong runway.,Captain run runway. Katyn Long runway.,captain ron renwee captain ron renwee,captain wrong runway captain wrong runway,captain wrong runway captain wrong runway,0.5,3,0,0,wrong->run | captain->katyn | wrong->long,,,0.6666666666666666,4,0,0,wrong->ron | runway->renwee | wrong->ron | runway->renwee,,,0.0,0,0,0,,,,0.0,0,0,0,,,,0.16666666666666663,Worsen,0.0,Same,-0.5,Improvement,-0.5,Improvement
01-09,Busan Tower Singapore 616 runway in sight joining downwind Runway 18R,The Sun Tower Singapore 616 runway inside joining downway 1/8 right.,busan tower singapore 616 runway inside joining darwin runway 18r,bussan targo singapore 616 runway in sight joining downwind runway 18r,bussant taro singa 4616 runway in sight joining downwind runway 18 right,0.7272727272727273,7,0,1,busan->sun | in->inside | sight->joining | joining->downway | downwind->1 | runway->8 | 18r->right,,the,0.2727272727272727,2,1,0,sight->inside | downwind->darwin,in,,0.18181818181818182,2,0,0,busan->bussan | tower->targo,,,0.5454545454545454,5,0,1,busan->bussant | tower->taro | singapore->singa | 616->4616 | 18r->right,,18,-0.4545454545454546,Improvement,0.3636363636363636,Worsen,-0.5454545454545454,Improvement,-0.18181818181818188,Improvement
01-10,Roger. Activate Route 2,Roger,roger activating route 2,roger activating route 2,roger activate route 2,0.75,0,3,0,,activate | route | 2,,0.25,1,0,0,activate->activating,,,0.25,1,0,0,activate->activating,,,0.0,0,0,0,,,,-0.5,Improvement,-0.25,Improvement,-0.5,Improvement,-0.75,Improvement
01-11,Execute confirm. Route 2 Activated. Route 2 Activated.,Execute confirm. Go to Activated. Route to activated.,execute confirm good to activate it good to activate it,execute confirm route 2 activated route 2 activated,execute confirm route to activated route to activated,0.375,3,0,0,route->go | 2->to | 2->to,,,1.0,6,0,2,route->activate | 2->it | activated->good | route->to | 2->activate | activated->it,,good | to,0.0,0,0,0,,,,0.25,2,0,0,2->to | 2->to,,,0.625,Worsen,0.25,Worsen,-0.375,Improvement,-0.125,Improvement
01-12,Roger. Direct to AB18R,Roger direct to Urban Manam Drive.,roger direct to abim morning road,roger direct to abm 1 in roy,roger direct to abim one in right,0.75,1,0,2,ab18r->drive,,urban | manam,0.75,1,0,2,ab18r->road,,abim | morning,1.0,1,0,3,ab18r->roy,,abm | 1 | in,1.0,1,0,3,ab18r->right,,abim | one | in,0.0,Same,0.0,Same,0.25,Worsen,0.25,Worsen
01-13,Roger landing checklist. VS700 Check. Down Speedbreaks. Flaps,Roger learning Chinese. BS700 check. Down spin breaks.,roger landing chain list ds700 check downspeed brakes flaps,roger landing checklist vs 700 check down speed breaks flaps,roger landing shanglis vs 700 check down speedbrakes flaps,0.625,5,0,0,landing->learning | checklist->chinese | vs700->bs700 | speedbreaks->spin | flaps->breaks,,,0.625,4,0,1,checklist->list | vs700->ds700 | down->downspeed | speedbreaks->brakes,,chain,0.5,2,0,2,vs700->700 | speedbreaks->breaks,,vs | speed,0.5,3,0,1,checklist->vs | vs700->700 | speedbreaks->speedbrakes,,shanglis,0.0,Same,0.0,Same,-0.125,Improvement,-0.125,Improvement
01-14,30 Green light exterior lights on landing clearance.,30 Green light exterior lights on landing clearance.,30 green light exterior lights on landing clearance,30gl exterior lights on landing clearance,30 green light exterior lights on landing clearance,0.0,0,0,0,,,,0.0,0,0,0,,,,0.375,1,2,0,light->30gl,30 | green,,0.0,0,0,0,,,,0.0,Same,-0.375,Improvement,0.375,Worsen,0.0,Same
01-15,Obtain runway 18R. Landing checklist complete.,Obtain runway 180 right landing checklist complete.,optane runway 18r landing checklist complete,obtained runway 18r landing check is complete,obtain runway 18r landing checklist complete,0.3333333333333333,1,0,1,18r->right,,180,0.16666666666666666,1,0,0,obtain->optane,,,0.5,2,0,1,obtain->obtained | checklist->is,,check,0.0,0,0,0,,,,-0.16666666666666666,Improvement,-0.5,Improvement,0.16666666666666669,Worsen,-0.3333333333333333,Improvement
01-16,Roger. Cycling FDs,Roger Cycling Abdies.,roger the cycling mds,roger cycling fds,roger cycling fds,0.3333333333333333,1,0,0,fds->abdies,,,0.6666666666666666,1,0,1,fds->mds,,the,0.0,0,0,0,,,,0.0,0,0,0,,,,0.3333333333333333,Worsen,0.0,Same,-0.3333333333333333,Improvement,-0.3333333333333333,Improvement
03-01,Runway in sight. Joining run. Joining downwind runway 18R.,"Are we inside joining, run joining downwind runway 1/8, right?",i will inside joining downwind runway 18r singapore,airway inside joining run joining downwind runway 18r singapore,i will be inside joining run joining downwind runway 18r singapore,0.6666666666666666,4,0,2,runway->are | in->we | sight->inside | 18r->right,,1 | 8,0.6666666666666666,3,2,1,sight->i | joining->will | run->inside,runway | in,singapore,0.4444444444444444,2,1,1,in->airway | sight->inside,runway,singapore,0.5555555555555556,3,0,2,runway->will | in->be | sight->inside,,i | singapore,0.0,Same,0.11111111111111116,Worsen,-0.2222222222222222,Improvement,-0.11111111111111105,Improvement
03-02,Good to joining downwind runway 18R. To land Runway 18R. ,Put it joint down. We didn't run me while you're right Lynn Rahway when it right.,click join downwind runway 18r land runway 18r,good day join tauin runway 18r land runway 18r,good day join downwind runway 18r land runway 18r,1.8,10,0,8,good->me | to->while | joining->you | downwind->re | runway->right | 18r->lynn | to->rahway | land->when | runway->it | 18r->right,,put | it | joint | down | we | didn | t | run,0.4,2,2,0,to->click | joining->join,good | to,,0.4,3,1,0,to->day | joining->join | downwind->tauin,to,,0.3,2,1,0,to->day | joining->join,to,,-1.4,Improvement,-0.10000000000000003,Improvement,-1.4,Improvement,-1.5,Improvement
03-03,and passing final approach fix WAYBI 2600 feet that was checked.,And a passing language picks may be 2600 feet that was checked.,and passing for average peaks will be 2600 feet that was checked,and passing final approach pick swab 2600ft that was checked,and passing final approach pick swab 2600 feet that was checked,0.45454545454545453,4,0,1,final->language | approach->picks | fix->may | waybi->be,,a,0.45454545454545453,4,0,1,final->average | approach->peaks | fix->will | waybi->be,,for,0.36363636363636365,3,1,0,waybi->pick | 2600->swab | feet->2600ft,fix,,0.18181818181818182,2,0,0,fix->pick | waybi->swab,,,0.0,Same,-0.18181818181818182,Improvement,-0.09090909090909088,Improvement,-0.2727272727272727,Improvement
03-04,Heading Sel. Alt hold. Route 2 Activate,Outlook Excel out hole route 2 activate.,excel outfall root 2 activate,thanks llf route 2 activate,heading sel alt hold route 2 activate,0.5714285714285714,4,0,0,heading->outlook | sel->excel | alt->out | hold->hole,,,0.7142857142857143,3,2,0,alt->excel | hold->outfall | route->root,heading | sel,,0.5714285714285714,2,2,0,alt->thanks | hold->llf,heading | sel,,0.0,0,0,0,,,,0.1428571428571429,Worsen,-0.5714285714285714,Improvement,0.0,Same,-0.5714285714285714,Improvement
03-05,Confirm,Confirm,confirm,confirm,confirm,0.0,0,0,0,,,,0.0,0,0,0,,,,0.0,0,0,0,,,,0.0,0,0,0,,,,0.0,Same,0.0,Same,0.0,Same,0.0,Same
03-06,Confirm,Confirm,awesome,confirm,confirm,0.0,0,0,0,,,,1.0,1,0,0,confirm->awesome,,,0.0,0,0,0,,,,0.0,0,0,0,,,,1.0,Worsen,0.0,Same,0.0,Same,0.0,Same
03-07,LNAV available. And alt hold. Missed approach altitude is 6000 feet. ,Connect available and our home is approached. Our attitude is 6000 feet.,and if available and not hold miss approach altitude is 6 000 feet,air net available and ockhole miss approach aperture is 6000 feet,air net available and alt hold miss approach altitude it is 6000 feet,0.6363636363636364,6,0,1,lnav->connect | alt->home | hold->is | missed->approached | approach->our | altitude->attitude,,our,0.5454545454545454,4,0,2,lnav->if | alt->not | missed->miss | 6000->000,,and | 6,0.5454545454545454,4,1,1,lnav->net | hold->ockhole | missed->miss | altitude->aperture,alt,air,0.36363636363636365,2,0,2,lnav->net | missed->miss,,air | it,-0.09090909090909094,Improvement,-0.18181818181818177,Improvement,-0.09090909090909094,Improvement,-0.2727272727272727,Improvement
03-08,LNAV.  Thousand check,MF6000 checked.,7f 6000 checked,7f 6000 checked,7f 6000 checked,1.0,2,1,0,thousand->mf6000 | check->checked,lnav,,1.0,3,0,0,lnav->7f | thousand->6000 | check->checked,,,1.0,3,0,0,lnav->7f | thousand->6000 | check->checked,,,1.0,3,0,0,lnav->7f | thousand->6000 | check->checked,,,0.0,Same,0.0,Same,0.0,Same,0.0,Same
03-09,The next altitude is 1200. ,The next altitude is 1000. 200. ,next altitude is 1200m,and next altitude is 1200,and next altitude is 1200,0.4,1,0,1,1200->200,,1000,0.4,1,1,0,1200->1200m,the,,0.2,1,0,0,the->and,,,0.2,1,0,0,the->and,,,0.0,Same,0.0,Same,-0.2,Improvement,-0.2,Improvement
03-10,Yes. Minus 700 check. ,"Yes, my son, check.",yes myself check,yes my 700 check,vs my 700 check,0.5,2,0,0,minus->my | 700->son,,,0.5,1,1,0,700->myself,minus,,0.25,1,0,0,minus->my,,,0.5,2,0,0,yes->vs | minus->my,,,0.0,Same,0.25,Worsen,-0.25,Improvement,0.0,Same
03-11,May I check is the right landing gear?,At Chase Building Gear.,that takes me to the lane i didn t give a,i ll check speed of the line ending gear,i ll check speed of the line ending gear,0.875,3,4,0,the->at | right->chase | landing->building,may | i | check | is,,1.25,7,0,3,may->that | i->takes | check->me | is->to | right->t | landing->give | gear->a,,lane | i | didn,0.75,5,0,1,may->i | i->ll | is->of | right->line | landing->ending,,speed,0.75,5,0,1,may->i | i->ll | is->of | right->line | landing->ending,,speed,0.375,Worsen,0.0,Same,-0.125,Improvement,-0.125,Improvement
03-12,Down. Speedbreak.,Balance speed brick.,now on speed brick,down on speed break,down speedbrake,1.5,2,0,1,down->speed | speedbreak->brick,,balance,2.0,2,0,2,down->speed | speedbreak->brick,,now | on,1.5,1,0,2,speedbreak->break,,on | speed,0.5,1,0,0,speedbreak->speedbrake,,,0.5,Worsen,-1.0,Improvement,0.0,Same,-1.0,Improvement
03-13,"30, green lights exterior lights, On. Landing Clearance.",30 green light extra. It's a on landing clearance.,30 green light extracts are on landing clearance,30 green light extra rights are on landing clearance,30 green light extract on landing clearance,0.625,3,0,2,lights->it | exterior->s | lights->a,,light | extra,0.375,3,0,0,lights->light | exterior->extracts | lights->are,,,0.5,3,0,1,lights->extra | exterior->rights | lights->are,,light,0.375,2,1,0,exterior->light | lights->extract,lights,,-0.25,Improvement,-0.125,Improvement,-0.125,Improvement,-0.25,Improvement
03-14,Obtain Runway 18R. Landing checklist complete,Obtaining one and right my check is complete.,t in runway 18r main track is complete,update in runway 18r manjack is complete,update in runway 18r jet is complete,1.1666666666666667,5,0,2,obtain->and | runway->right | 18r->my | landing->check | checklist->is,,obtaining | one,0.8333333333333334,3,0,2,obtain->in | landing->track | checklist->is,,t | main,0.6666666666666666,3,0,1,obtain->in | landing->manjack | checklist->is,,update,0.6666666666666666,3,0,1,obtain->in | landing->jet | checklist->is,,update,-0.33333333333333337,Improvement,0.0,Same,-0.5000000000000001,Improvement,-0.5000000000000001,Improvement
03-15,And 950 on profile.,"And uh, 950 on profile.",and 950 on profile,and 950 on profile,and 9 50 on profile,0.25,0,0,1,,,uh,0.0,0,0,0,,,,0.0,0,0,0,,,,0.5,1,0,1,950->50,,9,-0.25,Improvement,0.5,Worsen,-0.25,Improvement,0.25,Worsen
03-16,2 red 2 whites.,3828,283 whites,282 whites,283 whites,1.0,1,3,0,whites->3828,2 | red | 2,,0.75,1,2,0,2->283,2 | red,,0.75,1,2,0,2->282,2 | red,,0.75,1,2,0,2->283,2 | red,,-0.25,Improvement,0.0,Same,-0.25,Improvement,-0.25,Improvement
03-17,and stablized.,And stabilized.,and stabilized,and stabilized,and stabilized,0.5,1,0,0,stablized->stabilized,,,0.5,1,0,0,stablized->stabilized,,,0.5,1,0,0,stablized->stabilized,,,0.5,1,0,0,stablized->stabilized,,,0.0,Same,0.0,Same,0.0,Same,0.0,Same
03-18,And WAYBI final approach fix 2600 feet.,And maybe final push fix 2600 feet.,and maybe final push fix 2600 feet,and way be final approach fix 2600 feet advice apc,and way be final approach fix 2600 feet advice apc,0.2857142857142857,2,0,0,waybi->maybe | approach->push,,,0.2857142857142857,2,0,0,waybi->maybe | approach->push,,,0.5714285714285714,1,0,3,waybi->be,,way | advice | apc,0.5714285714285714,1,0,3,waybi->be,,way | advice | apc,0.0,Same,0.0,Same,0.2857142857142857,Worsen,0.2857142857142857,Worsen
03-19,Runway in sight. Joining downwind Runway 18R.,Probably Insight and joining Darwin Rahway want it right.,rally inside join darwin rally 18r,rally inside joining darwin rally 18r,rally inside joining downwind rally 18r,1.1428571428571428,6,0,2,runway->probably | in->insight | sight->and | downwind->want | runway->it | 18r->right,,darwin | rahway,0.8571428571428571,5,1,0,in->rally | sight->inside | joining->join | downwind->darwin | runway->rally,runway,,0.7142857142857143,4,1,0,in->rally | sight->inside | downwind->darwin | runway->rally,runway,,0.5714285714285714,3,1,0,in->rally | sight->inside | runway->rally,runway,,-0.2857142857142857,Improvement,-0.1428571428571429,Improvement,-0.4285714285714285,Improvement,-0.5714285714285714,Improvement
03-20,Busan Tower Singapore 616 runway in sight. Joining downwind runway 18R.,Busan Towers Singapore 616 runway inside Join Darwin. When we want it right?,busan tower singapore 616 bramway inside join bramway bramway 18 rides,busan tower singapore 616 runway inside joining downwind runway 18r,busan tower sx16 runway inside joining downwind runway 18r,0.8181818181818182,7,0,2,tower->towers | in->darwin | sight->when | joining->we | downwind->want | runway->it | 18r->right,,inside | join,0.6363636363636364,7,0,0,runway->bramway | in->inside | sight->join | joining->bramway | downwind->bramway | runway->18 | 18r->rides,,,0.18181818181818182,1,1,0,sight->inside,in,,0.36363636363636365,2,2,0,616->sx16 | sight->inside,singapore | in,,-0.18181818181818188,Improvement,0.18181818181818182,Worsen,-0.6363636363636365,Improvement,-0.4545454545454546,Improvement
03-21,Joining downwind runway 18R and to land runway 18R. Singapore 616.,"Actually joined WWE 1/8 right And uh, we had to land runway 1/8 right?",and clear join down runway 18r and clear to land runway 18r singapore 616,and cleared join downwind 18r and head to land runway 18r singapore 616,and cleared to join downwind 18r and head to land runway 18r singapore 616,1.0909090909090908,7,0,5,joining->wwe | downwind->1 | runway->8 | 18r->right | 18r->1 | singapore->8 | 616->right,,actually | joined | uh | we | had,0.45454545454545453,2,0,3,joining->join | downwind->down,,and | clear | clear,0.45454545454545453,3,0,2,joining->cleared | downwind->join | runway->downwind,,and | head,0.5454545454545454,3,0,3,joining->to | downwind->join | runway->downwind,,and | cleared | head,-0.6363636363636362,Improvement,0.09090909090909088,Worsen,-0.6363636363636362,Improvement,-0.5454545454545454,Improvement
03-22,Confirm,Confirm,fum fum,confirm,confirm,0.0,0,0,0,,,,2.0,1,0,1,confirm->fum,,fum,0.0,0,0,0,,,,0.0,0,0,0,,,,2.0,Worsen,0.0,Same,0.0,Same,0.0,Same
03-23,Execute confirm.,Execute confirm.,execute confirm,execute confirm,xq confirm,0.0,0,0,0,,,,0.0,0,0,0,,,,0.0,0,0,0,,,,0.5,1,0,0,execute->xq,,,0.0,Same,0.5,Worsen,0.0,Same,0.5,Worsen
03-24,Heading Sel.,,i think so,exhale,exhale,1.0,0,2,0,,heading | sel,,1.5,2,0,1,heading->think | sel->so,,i,1.0,1,1,0,sel->exhale,heading,,1.0,1,1,0,sel->exhale,heading,,0.5,Worsen,0.0,Same,0.0,Same,0.0,Same
03-25,and alt hold missed approach altitude is 6000,And who misapproached her? Dude is 6000,and out full miss approach already is 6000 feet,and alt 4 oo missed approach already due it s 6000 feet,alt hold missed approach already due 6000ft,0.625,4,1,0,hold->who | missed->misapproached | approach->her | altitude->dude,alt,,0.625,4,0,1,alt->out | hold->full | missed->miss | altitude->already,,feet,0.875,3,0,4,hold->oo | altitude->it | is->s,,4 | already | due | feet,0.5,3,1,0,altitude->already | is->due | 6000->6000ft,and,,0.0,Same,-0.375,Improvement,0.25,Worsen,-0.125,Improvement
03-26,Route 2 activated,How to activate it?,it s activated,roto activated,cleared to activate,1.3333333333333333,3,0,1,route->to | 2->activate | activated->it,,how,0.6666666666666666,2,0,0,route->it | 2->s,,,0.6666666666666666,1,1,0,2->roto,route,,1.0,3,0,0,route->cleared | 2->to | activated->activate,,,-0.6666666666666666,Improvement,0.33333333333333337,Worsen,-0.6666666666666666,Improvement,-0.33333333333333326,Improvement
03-27,Direct AB18R. Execute confirm,Direct payment one minute right execute confirm.,direct beam 1 minute right execute confirm,direct beam 1 minute right execute confirm,direct beam 1 minute right execute confirm,1.0,1,0,3,ab18r->right,,payment | one | minute,1.0,1,0,3,ab18r->right,,beam | 1 | minute,1.0,1,0,3,ab18r->right,,beam | 1 | minute,1.0,1,0,3,ab18r->right,,beam | 1 | minute,0.0,Same,0.0,Same,0.0,Same,0.0,Same
03-28,Confirm. LNAV available ,Cotton unless available.,awesome i have a billabong,confirm i have available,confirm i have available,0.6666666666666666,2,0,0,confirm->cotton | lnav->unless,,,1.6666666666666667,3,0,2,confirm->have | lnav->a | available->billabong,,awesome | i,0.6666666666666666,1,0,1,lnav->have,,i,0.6666666666666666,1,0,1,lnav->have,,i,1.0,Worsen,0.0,Same,0.0,Same,0.0,Same
03-29,Flaps at 30,Web set 30.,website 30,flaps at 30,flaps at 30,0.6666666666666666,2,0,0,flaps->web | at->set,,,0.6666666666666666,1,1,0,at->website,flaps,,0.0,0,0,0,,,,0.0,0,0,0,,,,0.0,Same,0.0,Same,-0.6666666666666666,Improvement,-0.6666666666666666,Improvement
03-30,Down. Speedbreak.,Down speed brick.,down speed break,down speedbreak,down speedbrake,1.0,1,0,1,speedbreak->brick,,speed,1.0,1,0,1,speedbreak->break,,speed,0.0,0,0,0,,,,0.5,1,0,0,speedbreak->speedbrake,,,0.0,Same,0.5,Worsen,-1.0,Improvement,-0.5,Improvement
03-31,Flaps.,Flip,let s,flaps,flaps,1.0,1,0,0,flaps->flip,,,2.0,1,0,1,flaps->s,,let,0.0,0,0,0,,,,0.0,0,0,0,,,,1.0,Worsen,0.0,Same,-1.0,Improvement,-1.0,Improvement
03-32,Flaps.,flip.,flips,flaps,flaps,1.0,1,0,0,flaps->flip,,,1.0,1,0,0,flaps->flips,,,0.0,0,0,0,,,,0.0,0,0,0,,,,0.0,Same,0.0,Same,-1.0,Improvement,-1.0,Improvement
03-33,Flaps,Flips.,,lems,slams,1.0,1,0,0,flaps->flips,,,1.0,0,1,0,,flaps,,1.0,1,0,0,flaps->lems,,,1.0,1,0,0,flaps->slams,,,0.0,Same,0.0,Same,0.0,Same,0.0,Same
03-34,30 green light exterior lights are on. Landing clearance.,30 green light exterior lights are on. Landing clearance.,30 green light exterior lights are on lighting clearance,30 greenlight exterior lights are on landing clearance,30 green light exterior lights are on landing clearance,0.0,0,0,0,,,,0.1111111111111111,1,0,0,landing->lighting,,,0.2222222222222222,1,1,0,light->greenlight,green,,0.0,0,0,0,,,,0.1111111111111111,Worsen,-0.2222222222222222,Improvement,0.2222222222222222,Worsen,0.0,Same
03-35,8R. Obtain Runway 18R. Landing checklist complete,8R. I think you might want to write when I check this complex.,it right i think i know it right now check this is complete,update ramp 818r night checklist complete,18r update ramp at 18r night checklist complete,1.7142857142857142,6,0,6,obtain->write | runway->when | 18r->i | landing->check | checklist->this | complete->complex,,i | think | you | might | want | to,1.7142857142857142,6,0,6,8r->it | obtain->right | runway->now | 18r->check | landing->this | checklist->is,,it | right | i | think | i | know,0.7142857142857143,4,1,0,obtain->update | runway->ramp | 18r->818r | landing->night,8r,,0.7142857142857143,4,0,1,8r->update | obtain->ramp | runway->at | landing->night,,18r,0.0,Same,0.0,Same,-0.9999999999999999,Improvement,-0.9999999999999999,Improvement
03-36,Add 4 whites. High. pitch down a bit.,"Add 4 whites, uh. Hi, pitch down a bit.",and 4 whites high push down a bit,and for whites high switch down a bit,55 and 4 whites high,0.25,1,0,1,high->hi,,uh,0.25,2,0,0,add->and | pitch->push,,,0.375,3,0,0,add->and | 4->for | pitch->switch,,,0.75,1,4,1,add->and,pitch | down | a | bit,55,0.0,Same,0.375,Worsen,0.125,Worsen,0.5,Worsen
04-01,VS Check.,BS Check.,you guys check,yes check,ps check,0.5,1,0,0,vs->bs,,,1.0,1,0,1,vs->guys,,you,0.5,1,0,0,vs->yes,,,0.5,1,0,0,vs->ps,,,0.5,Worsen,0.0,Same,0.0,Same,0.0,Same
04-02,1000 to go.,1000 to go.,1000 to go,1000 to go,1000 to go,0.0,0,0,0,,,,0.0,0,0,0,,,,0.0,0,0,0,,,,0.0,0,0,0,,,,0.0,Same,0.0,Same,0.0,Same,0.0,Same
04-03,"Busan Tower Singapore 616 Runway in sight, joining downwind runway 18R.","It was on Tower Singapore 616 runway Insight joining downwind runway 1/8, right.",busan tower singapore 616 runway in sight joining downwind runway 18r,u san tower singapore 616 runway in sight joining downwind runway 18r,busan tower singapore 616 runway in sight joining downwind runway 18 right,0.7272727272727273,3,1,4,busan->on | sight->insight | 18r->right,in,it | was | 1 | 8,0.0,0,0,0,,,,0.18181818181818182,1,0,1,busan->san,,u,0.18181818181818182,1,0,1,18r->right,,18,-0.7272727272727273,Improvement,0.0,Same,-0.5454545454545454,Improvement,-0.5454545454545454,Improvement
04-04,We are clear to land.,We are.,we are clear to learn,we are cleared to land,we are cleared to land,0.6,0,3,0,,clear | to | land,,0.2,1,0,0,land->learn,,,0.2,1,0,0,clear->cleared,,,0.2,1,0,0,clear->cleared,,,-0.39999999999999997,Improvement,0.0,Same,-0.39999999999999997,Improvement,-0.39999999999999997,Improvement
04-05,Alt Hold.,I'll hold.,i ll hold,hold,alt hold,1.0,1,0,1,alt->ll,,i,1.0,1,0,1,alt->ll,,i,0.5,0,1,0,,alt,,0.0,0,0,0,,,,0.0,Same,-0.5,Improvement,-0.5,Improvement,-1.0,Improvement
04-06,Heading Sel,Heading Cell,heading cell,heading zell,heading sel,0.5,1,0,0,sel->cell,,,0.5,1,0,0,sel->cell,,,0.5,1,0,0,sel->zell,,,0.0,0,0,0,,,,0.0,Same,-0.5,Improvement,0.0,Same,-0.5,Improvement
04-07,Comfirm.,Confirm.,confirm,confirm,confirm,1.0,1,0,0,comfirm->confirm,,,1.0,1,0,0,comfirm->confirm,,,1.0,1,0,0,comfirm->confirm,,,1.0,1,0,0,comfirm->confirm,,,0.0,Same,0.0,Same,0.0,Same,0.0,Same
04-08,Route 2 Activated.,Route 2 activated.,root 2 activated,route 2 activated,route 2 activated,0.0,0,0,0,,,,0.3333333333333333,1,0,0,route->root,,,0.0,0,0,0,,,,0.0,0,0,0,,,,0.3333333333333333,Worsen,0.0,Same,0.0,Same,0.0,Same
04-09,Direct AB18R,Direct a beam 18 Wright.,derek a beam 18 right,direct ab18r,direct beam 18r,2.0,1,0,3,ab18r->wright,,a | beam | 18,2.5,2,0,3,direct->18 | ab18r->right,,derek | a | beam,0.0,0,0,0,,,,1.0,1,0,1,ab18r->18r,,beam,0.5,Worsen,1.0,Worsen,-2.0,Improvement,-1.0,Improvement
04-10,6000 feet checked.,6000 feet checked.,6 000 feet checked,6 000 feet checked,6000 feet checked,0.0,0,0,0,,,,0.6666666666666666,1,0,1,6000->000,,6,0.6666666666666666,1,0,1,6000->000,,6,0.0,0,0,0,,,,0.6666666666666666,Worsen,-0.6666666666666666,Improvement,0.6666666666666666,Worsen,0.0,Same
04-11,Speed check. Flaps 30.,Speed check. Flap 30.,speed check flips 30,speed check flaps 30,speed check flaps 30,0.25,1,0,0,flaps->flap,,,0.25,1,0,0,flaps->flips,,,0.0,0,0,0,,,,0.0,0,0,0,,,,0.0,Same,0.0,Same,-0.25,Improvement,-0.25,Improvement
04-12,Flaps at 30,Put up set 30.,flaps at 30,flaps at 30,flaps at 30,1.0,2,0,1,flaps->up | at->set,,put,0.0,0,0,0,,,,0.0,0,0,0,,,,0.0,0,0,0,,,,-1.0,Improvement,0.0,Same,-1.0,Improvement,-1.0,Improvement
04-13,Roger landing checklist below the line. landing gear.,Roger lending checklist below the line lending gear.,roger landing checklist below the line landing gear,roger landing checklist below the line landing gear,roger landing checklist below the line landing gear,0.25,2,0,0,landing->lending | landing->lending,,,0.0,0,0,0,,,,0.0,0,0,0,,,,0.0,0,0,0,,,,-0.25,Improvement,0.0,Same,-0.25,Improvement,-0.25,Improvement
04-14,Speedbrake.,Speed brake.,speed break,speed break,speedbrake,2.0,1,0,1,speedbrake->brake,,speed,2.0,1,0,1,speedbrake->break,,speed,2.0,1,0,1,speedbrake->break,,speed,0.0,0,0,0,,,,0.0,Same,-2.0,Improvement,0.0,Same,-2.0,Improvement
04-15,Speedbrake.,Speed brake.,speed break,speed break,speedbrake,2.0,1,0,1,speedbrake->brake,,speed,2.0,1,0,1,speedbrake->break,,speed,2.0,1,0,1,speedbrake->break,,speed,0.0,0,0,0,,,,0.0,Same,-2.0,Improvement,0.0,Same,-2.0,Improvement
04-16,Flaps.,Flaps.,flips,flaps,flaps,0.0,0,0,0,,,,1.0,1,0,0,flaps->flips,,,0.0,0,0,0,,,,0.0,0,0,0,,,,1.0,Worsen,0.0,Same,0.0,Same,0.0,Same
04-17,30 green lights Exterior lights are on.,30 green lights Exterior lights are on.,30 green lights exterior lights are on,30 green lights x zero lights are on,30 green lights x zero lights are on,0.0,0,0,0,,,,0.0,0,0,0,,,,0.2857142857142857,1,0,1,exterior->zero,,x,0.2857142857142857,1,0,1,exterior->zero,,x,0.0,Same,0.0,Same,0.2857142857142857,Worsen,0.2857142857142857,Worsen
04-18,Check. Obtain Runway 18R Land.,Check. Runway 18 Ritalin. Land.,check obtain runway 18r,check obtained runway 18r lens,check obtain runway 18r lens,0.6,3,0,0,obtain->runway | runway->18 | 18r->ritalin,,,0.2,0,1,0,,land,,0.4,2,0,0,obtain->obtained | land->lens,,,0.2,1,0,0,land->lens,,,-0.39999999999999997,Improvement,-0.2,Improvement,-0.19999999999999996,Improvement,-0.39999999999999997,Improvement
04-19,1000 stabilized.,1000 stabilized.,1 000 stabilized,1000 stabilized,1000 stabilized,0.0,0,0,0,,,,1.0,1,0,1,1000->000,,1,0.0,0,0,0,,,,0.0,0,0,0,,,,1.0,Worsen,0.0,Same,0.0,Same,0.0,Same
04-20,500 feet stabilized.,500 feet stabilized.,500 feet stabilized,500 feet stabilized,500 feet stabilized,0.0,0,0,0,,,,0.0,0,0,0,,,,0.0,0,0,0,,,,0.0,0,0,0,,,,0.0,Same,0.0,Same,0.0,Same,0.0,Same
04-21,Captain,Captain.,,captain,captain,0.0,0,0,0,,,,1.0,0,1,0,,captain,,0.0,0,0,0,,,,0.0,0,0,0,,,,1.0,Worsen,0.0,Same,0.0,Same,0.0,Same
04-22,"Roger, I have control.","Roger, I have control.",roger i have control,roger i have control,roger i have control,0.0,0,0,0,,,,0.0,0,0,0,,,,0.0,0,0,0,,,,0.0,0,0,0,,,,0.0,Same,0.0,Same,0.0,Same,0.0,Same
04-23,"Roger, I am ready.","Roger, I am ready.",roger i am ready,roger i am ready,roger i am ready,0.0,0,0,0,,,,0.0,0,0,0,,,,0.0,0,0,0,,,,0.0,0,0,0,,,,0.0,Same,0.0,Same,0.0,Same,0.0,Same
04-24,Check VS check.,Check VS check.,check vs check,check vs check,check vs check,0.0,0,0,0,,,,0.0,0,0,0,,,,0.0,0,0,0,,,,0.0,0,0,0,,,,0.0,Same,0.0,Same,0.0,Same,0.0,Same
04-25,"Busan Tower Singapore 616 runway in sight, joining downwind runway 18R.",Busan Tower Singapore 616 runway Insight joining downwind runway 1/8 right?,busan tower singapore 616 runway in sight joining downwind runway 18r,busan tower singapore 616 runway in sight joining downwind runway 18r,busan tower singapore 616 runway in sight joining downwind runway 18 right,0.45454545454545453,2,1,2,sight->insight | 18r->right,in,1 | 8,0.0,0,0,0,,,,0.0,0,0,0,,,,0.18181818181818182,1,0,1,18r->right,,18,-0.45454545454545453,Improvement,0.18181818181818182,Worsen,-0.45454545454545453,Improvement,-0.2727272727272727,Improvement
04-26,Clear to land Runway 18R. Singapore 616.,"Clear to land runway 1/8 right, Singapore 616.",clear to land runway 18r singapore 616,cleared to land runway 18r singapore 616,cleared to land runway 18r singapore 616,0.42857142857142855,1,0,2,18r->right,,1 | 8,0.0,0,0,0,,,,0.14285714285714285,1,0,0,clear->cleared,,,0.14285714285714285,1,0,0,clear->cleared,,,-0.42857142857142855,Improvement,0.0,Same,-0.2857142857142857,Improvement,-0.2857142857142857,Improvement
04-27,Alt Hold.,Out hold.,out hold,out hold,alt hold,0.5,1,0,0,alt->out,,,0.5,1,0,0,alt->out,,,0.5,1,0,0,alt->out,,,0.0,0,0,0,,,,0.0,Same,-0.5,Improvement,0.0,Same,-0.5,Improvement
04-28,Confirm.,Confirm.,confirm,confirm,confirm,0.0,0,0,0,,,,0.0,0,0,0,,,,0.0,0,0,0,,,,0.0,0,0,0,,,,0.0,Same,0.0,Same,0.0,Same,0.0,Same
04-29,Route 2 Activated.,Route 2 activated.,route 2 activated,route 2 activated,route 2 activated,0.0,0,0,0,,,,0.0,0,0,0,,,,0.0,0,0,0,,,,0.0,0,0,0,,,,0.0,Same,0.0,Same,0.0,Same,0.0,Same
04-30,Confirm.,Confirm.,confirm,confirm,confirm,0.0,0,0,0,,,,0.0,0,0,0,,,,0.0,0,0,0,,,,0.0,0,0,0,,,,0.0,Same,0.0,Same,0.0,Same,0.0,Same
04-31,6000 feet checked.,6000 feet checked.,6000 feet checked,6000 feet checked,6000 feet checked,0.0,0,0,0,,,,0.0,0,0,0,,,,0.0,0,0,0,,,,0.0,0,0,0,,,,0.0,Same,0.0,Same,0.0,Same,0.0,Same
04-32,Speed check. Flap 30.,Speed check.,speed check flaps 30,speed check flaps 30,speed check flaps 30,0.5,0,2,0,,flap | 30,,0.25,1,0,0,flap->flaps,,,0.25,1,0,0,flap->flaps,,,0.25,1,0,0,flap->flaps,,,-0.25,Improvement,0.0,Same,-0.25,Improvement,-0.25,Improvement
04-33,A Landing checklist below the line.,A landing checklist below the line.,a landing checklist below the line,a landing checklist below the line,a landing checklist below the line,0.0,0,0,0,,,,0.0,0,0,0,,,,0.0,0,0,0,,,,0.0,0,0,0,,,,0.0,Same,0.0,Same,0.0,Same,0.0,Same
04-34,Speedbrake.,Speed brake.,speed break,speed break,speedbrake,2.0,1,0,1,speedbrake->brake,,speed,2.0,1,0,1,speedbrake->break,,speed,2.0,1,0,1,speedbrake->break,,speed,0.0,0,0,0,,,,0.0,Same,-2.0,Improvement,0.0,Same,-2.0,Improvement
04-35,MCP Speed. Heading Sel. VS.,MCP Speed heading cell VS.,mcp speed heading cell vs,mcp speed heading cell vs,mcp speed heading sel vs,0.2,1,0,0,sel->cell,,,0.2,1,0,0,sel->cell,,,0.2,1,0,0,sel->cell,,,0.0,0,0,0,,,,0.0,Same,-0.2,Improvement,0.0,Same,-0.2,Improvement
04-36,Flaps.,Flaps.,let s,flaps,flaps,0.0,0,0,0,,,,2.0,1,0,1,flaps->s,,let,0.0,0,0,0,,,,0.0,0,0,0,,,,2.0,Worsen,0.0,Same,0.0,Same,0.0,Same
04-37,And exterior lights are on. And landing clearance.,And exterior lights are on. And lending clearance.,and exterior lights are on and landing clearance,and exterior lights are on landing clearance,and exterior lights are on landing clearance,0.125,1,0,0,landing->lending,,,0.0,0,0,0,,,,0.125,0,1,0,,and,,0.125,0,1,0,,and,,-0.125,Improvement,0.0,Same,0.0,Same,0.0,Same
04-38,Obtain runway 18R. Landing checklist complete.,Obtain runway 1/8 right lending check is complete.,obtain runway 18r landing checklist complete,obtained runway 18r landing checklist complete,obtained runway 18r landing checklist complete,1.0,3,0,3,18r->lending | landing->check | checklist->is,,1 | 8 | right,0.0,0,0,0,,,,0.16666666666666666,1,0,0,obtain->obtained,,,0.16666666666666666,1,0,0,obtain->obtained,,,-1.0,Improvement,0.0,Same,-0.8333333333333334,Improvement,-0.8333333333333334,Improvement
04-39,4 whites,4 whites.,4 whites,4 whites,4 whites,0.0,0,0,0,,,,0.0,0,0,0,,,,0.0,0,0,0,,,,0.0,0,0,0,,,,0.0,Same,0.0,Same,0.0,Same,0.0,Same
04-40,"2 Reds, 2 whites.","Two Reds, 2 whites.",two reds two whites,2 reds 2 whites,2 reds 2 whites,0.25,1,0,0,2->two,,,0.5,2,0,0,2->two | 2->two,,,0.0,0,0,0,,,,0.0,0,0,0,,,,0.25,Worsen,0.0,Same,-0.25,Improvement,-0.25,Improvement
04-41,Stabilized.,Stabilized.,stabilized,stabilized,stabilized,0.0,0,0,0,,,,0.0,0,0,0,,,,0.0,0,0,0,,,,0.0,0,0,0,,,,0.0,Same,0.0,Same,0.0,Same,0.0,Same
04-42,Low speed. Speedbrake up.,"Low speed, uh, speed breaks up.",no speed breaks up,no speed speed breaks up,no speed speedbrakes up,0.75,1,0,2,speedbrake->breaks,,speed | uh,0.5,2,0,0,low->no | speedbrake->breaks,,,0.75,2,0,1,low->speed | speedbrake->breaks,,no,0.5,2,0,0,low->no | speedbrake->speedbrakes,,,-0.25,Improvement,-0.25,Improvement,0.0,Same,-0.25,Improvement
04-43,Reversers normal. Autobrake Disarm.,"Reverse normal. Otterbeck, Disarm.",reverse normal other right this arm,reverse normal auto brake disarm,reverse normal auto brake disarm,0.5,2,0,0,reversers->reverse | autobrake->otterbeck,,,1.25,3,0,2,reversers->reverse | autobrake->this | disarm->arm,,other | right,0.75,2,0,1,reversers->reverse | autobrake->brake,,auto,0.75,2,0,1,reversers->reverse | autobrake->brake,,auto,0.75,Worsen,0.0,Same,0.25,Worsen,0.25,Worsen
04-44,60 knots.,60 oughts.,60 knots,16 odds,16 knots,0.5,1,0,0,knots->oughts,,,0.0,0,0,0,,,,1.0,2,0,0,60->16 | knots->odds,,,0.5,1,0,0,60->16,,,-0.5,Improvement,-0.5,Improvement,0.5,Worsen,0.0,Same
05-01,"Roger, I have control.","Roger, I have control.",roger i have control,roger i have control,roger i have control,0.0,0,0,0,,,,0.0,0,0,0,,,,0.0,0,0,0,,,,0.0,0,0,0,,,,0.0,Same,0.0,Same,0.0,Same,0.0,Same
05-02,"Roger, I am ready.","Roger, I am ready.",roger i am ready,roger i am ready,roger i am ready,0.0,0,0,0,,,,0.0,0,0,0,,,,0.0,0,0,0,,,,0.0,0,0,0,,,,0.0,Same,0.0,Same,0.0,Same,0.0,Same
05-03,You have control. VS check,You have control of. VS check.,you have control of es check,you have control of vs check,you have control vs check,0.2,0,0,1,,,of,0.4,1,0,1,vs->es,,of,0.2,0,0,1,,,of,0.0,0,0,0,,,,0.2,Worsen,-0.2,Improvement,0.0,Same,-0.2,Improvement
05-04,"Roger, Captain.","Roger, Captain.",roger captain,roger captain,roger captain,0.0,0,0,0,,,,0.0,0,0,0,,,,0.0,0,0,0,,,,0.0,0,0,0,,,,0.0,Same,0.0,Same,0.0,Same,0.0,Same
05-05,Tailwind is pretty strong. 10 knots later during the circling.,Take Witness. Pretty strong. 10 knots later during the circling.,tailwind is pretty strong 10 knots later during the circling,tailwind is pretty strong 10 knots later during the circling,tailwind is pretty strong 10 knots later during the circling,0.2,2,0,0,tailwind->take | is->witness,,,0.0,0,0,0,,,,0.0,0,0,0,,,,0.0,0,0,0,,,,-0.2,Improvement,0.0,Same,-0.2,Improvement,-0.2,Improvement
05-06,1000 to go.,1000 to go.,that ll do it,1000 to go,1000 to go,0.0,0,0,0,,,,1.3333333333333333,3,0,1,1000->ll | to->do | go->it,,that,0.0,0,0,0,,,,0.0,0,0,0,,,,1.3333333333333333,Worsen,0.0,Same,0.0,Same,0.0,Same
05-07,"Busan Tower, Singapore 616. Runway in sight.","Busan Tower, Singapore, 6/16. Runway-insight.",busan tower singapore 616 runway inside join us,busan tower singapore 616 runway in sight,busan tower singapore 616 runway in sight join,0.5714285714285714,4,0,0,616->6 | runway->16 | in->runway | sight->insight,,,0.42857142857142855,2,0,1,in->join | sight->us,,inside,0.0,0,0,0,,,,0.14285714285714285,0,0,1,,,join,-0.14285714285714285,Improvement,0.14285714285714285,Worsen,-0.5714285714285714,Improvement,-0.42857142857142855,Improvement
05-08,"Say again, Singapore 8616.","Say again, Singapore, 8616.",see you again singapore 8616,say again singapore 8616,say again singapore 8616,0.0,0,0,0,,,,0.5,1,0,1,say->you,,see,0.0,0,0,0,,,,0.0,0,0,0,,,,0.5,Worsen,0.0,Same,0.0,Same,0.0,Same
05-09,"Busan Tower, Singapore 616.","Busan Tower, Singapore, 616.",busan tower singapore 616,busan tower singapore 616,busan tower singapore 616,0.0,0,0,0,,,,0.0,0,0,0,,,,0.0,0,0,0,,,,0.0,0,0,0,,,,0.0,Same,0.0,Same,0.0,Same,0.0,Same
05-10,Visual Runway 18R. Joining downwind Runway 18R,"Visual Runway 1/8, right? Joining downwind. R18 right.",visual runway 18r joining downwind runway 18r,visual runway 18r joining danwin runway 18r,visual runway 18 right joining downwind runway 18 right,0.7142857142857143,3,0,2,18r->right | runway->r18 | 18r->right,,1 | 8,0.0,0,0,0,,,,0.14285714285714285,1,0,0,downwind->danwin,,,0.5714285714285714,2,0,2,18r->right | 18r->right,,18 | 18,-0.7142857142857143,Improvement,0.42857142857142855,Worsen,-0.5714285714285714,Improvement,-0.1428571428571429,Improvement
05-11,Thousand Seven. Alt Hold. ,1007. Alhol.,1007 i ll hold,2007 alt hold,1007 alt hold,1.0,2,2,0,alt->1007 | hold->alhol,thousand | seven,,0.75,3,0,0,thousand->1007 | seven->i | alt->ll,,,0.5,1,1,0,seven->2007,thousand,,0.5,1,1,0,seven->1007,thousand,,-0.25,Improvement,0.0,Same,-0.5,Improvement,-0.5,Improvement
05-12,Execute Confirm. Execute. ,"Execute, confirm, execute.",execute confirm execute,execute confirm execute,execute confirm execute,0.0,0,0,0,,,,0.0,0,0,0,,,,0.0,0,0,0,,,,0.0,0,0,0,,,,0.0,Same,0.0,Same,0.0,Same,0.0,Same
05-13,Route 2 Activated ,Bluetooth activated.,route 2 activated,route 2 activated,route 2 activated,0.6666666666666666,1,1,0,2->bluetooth,route,,0.0,0,0,0,,,,0.0,0,0,0,,,,0.0,0,0,0,,,,-0.6666666666666666,Improvement,0.0,Same,-0.6666666666666666,Improvement,-0.6666666666666666,Improvement
05-14,Execute Confirm?,Execute confirm.,execute confirm,execute confirm,execute confirm,0.0,0,0,0,,,,0.0,0,0,0,,,,0.0,0,0,0,,,,0.0,0,0,0,,,,0.0,Same,0.0,Same,0.0,Same,0.0,Same
05-15,Confirm.,Confirm.,confirm,confirm,confirm,0.0,0,0,0,,,,0.0,0,0,0,,,,0.0,0,0,0,,,,0.0,0,0,0,,,,0.0,Same,0.0,Same,0.0,Same,0.0,Same
05-16,LNAV Available,Are available.,i ll never available,lnav available,lnav available,0.5,1,0,0,lnav->are,,,1.5,1,0,2,lnav->never,,i | ll,0.0,0,0,0,,,,0.0,0,0,0,,,,1.0,Worsen,0.0,Same,-0.5,Improvement,-0.5,Improvement
05-17,6000 feet check,6000 feet check,6000 feet check,6000 feet check,6000 feet check,0.0,0,0,0,,,,0.0,0,0,0,,,,0.0,0,0,0,,,,0.0,0,0,0,,,,0.0,Same,0.0,Same,0.0,Same,0.0,Same
05-18,Flaps 30.,Flights 30.,flap steady,flaps 30,flaps 30,0.5,1,0,0,flaps->flights,,,1.0,2,0,0,flaps->flap | 30->steady,,,0.0,0,0,0,,,,0.0,0,0,0,,,,0.5,Worsen,0.0,Same,-0.5,Improvement,-0.5,Improvement
05-19,VS -700 checked.,VS -700 checked.,vs 700 checked,vs minus 700 checked,vs minus 700 checked,0.0,0,0,0,,,,0.0,0,0,0,,,,0.3333333333333333,0,0,1,,,minus,0.3333333333333333,0,0,1,,,minus,0.0,Same,0.0,Same,0.3333333333333333,Worsen,0.3333333333333333,Worsen
05-20,Roger Landing checklist. Altimeters.,Roger Landing checklist. Altimeters.,roger landing checklist altimeters,roger landing checklist altimeters,roger landing checklist altimeters,0.0,0,0,0,,,,0.0,0,0,0,,,,0.0,0,0,0,,,,0.0,0,0,0,,,,0.0,Same,0.0,Same,0.0,Same,0.0,Same
05-21,Altimeters.,Altimeters.,altimeters,altimeters,altimeters,0.0,0,0,0,,,,0.0,0,0,0,,,,0.0,0,0,0,,,,0.0,0,0,0,,,,0.0,Same,0.0,Same,0.0,Same,0.0,Same
05-22,All below the line. Landing gear.,I'll be loading landing gear.,oh below the line landing gear,all below the line landing gear,all below the line landing gear,0.6666666666666666,4,0,0,all->i | below->ll | the->be | line->loading,,,0.16666666666666666,1,0,0,all->oh,,,0.0,0,0,0,,,,0.0,0,0,0,,,,-0.5,Improvement,0.0,Same,-0.6666666666666666,Improvement,-0.6666666666666666,Improvement
05-23,And down down speedbrakes.,And down down speed brakes.,and down down speed brakes,and down down speed breaks,and down down speedbrakes,0.5,1,0,1,speedbrakes->brakes,,speed,0.5,1,0,1,speedbrakes->brakes,,speed,0.5,1,0,1,speedbrakes->breaks,,speed,0.0,0,0,0,,,,0.0,Same,-0.5,Improvement,0.0,Same,-0.5,Improvement
05-24,Flaps.,Flaps.,flips,flaps,flaps,0.0,0,0,0,,,,1.0,1,0,0,flaps->flips,,,0.0,0,0,0,,,,0.0,0,0,0,,,,1.0,Worsen,0.0,Same,0.0,Same,0.0,Same
05-25,30. Green light. ,Dirty green light.,30 green light,30 green light,30 green light,0.3333333333333333,1,0,0,30->dirty,,,0.0,0,0,0,,,,0.0,0,0,0,,,,0.0,0,0,0,,,,-0.3333333333333333,Improvement,0.0,Same,-0.3333333333333333,Improvement,-0.3333333333333333,Improvement
05-26,Landing Clearence. Obtain Runway 18R. ,On Lenkira's obtained runway 1 and right.,then clearance obtained runway 18r,landing clearance obtained runway 18r landing,landing clearance obtained runway 18r landing,1.4,4,0,3,landing->lenkira | clearence->s | obtain->obtained | 18r->right,,on | 1 | and,0.6,3,0,0,landing->then | clearence->clearance | obtain->obtained,,,0.6,2,0,1,clearence->clearance | obtain->obtained,,landing,0.6,2,0,1,clearence->clearance | obtain->obtained,,landing,-0.7999999999999999,Improvement,0.0,Same,-0.7999999999999999,Improvement,-0.7999999999999999,Improvement
05-27,Check,Check.,check,check,check,0.0,0,0,0,,,,0.0,0,0,0,,,,0.0,0,0,0,,,,0.0,0,0,0,,,,0.0,Same,0.0,Same,0.0,Same,0.0,Same
05-28,Roger,Roger,roger,roger,roger,0.0,0,0,0,,,,0.0,0,0,0,,,,0.0,0,0,0,,,,0.0,0,0,0,,,,0.0,Same,0.0,Same,0.0,Same,0.0,Same
05-29,Altitude 700.,Altitude 700.,altitude 700,altitude 700,altitude 700,0.0,0,0,0,,,,0.0,0,0,0,,,,0.0,0,0,0,,,,0.0,0,0,0,,,,0.0,Same,0.0,Same,0.0,Same,0.0,Same
05-30,Target,Target.,target,target,target,0.0,0,0,0,,,,0.0,0,0,0,,,,0.0,0,0,0,,,,0.0,0,0,0,,,,0.0,Same,0.0,Same,0.0,Same,0.0,Same
05-31,450,450,450,450,450,0.0,0,0,0,,,,0.0,0,0,0,,,,0.0,0,0,0,,,,0.0,0,0,0,,,,0.0,Same,0.0,Same,0.0,Same,0.0,Same
05-32,Different Runway. This is. ,different runway. This is,different runway this is one,different runway this is one,different runway this is one,0.0,0,0,0,,,,0.25,0,0,1,,,one,0.25,0,0,1,,,one,0.25,0,0,1,,,one,0.25,Worsen,0.0,Same,0.25,Worsen,0.25,Worsen
05-33,"Go around, ","Go a round, ",go around,go around,go around,1.0,1,0,1,around->round,,a,0.0,0,0,0,,,,0.0,0,0,0,,,,0.0,0,0,0,,,,-1.0,Improvement,0.0,Same,-1.0,Improvement,-1.0,Improvement
05-34,Roger I'm Ready.,"Roger, I'm ready.",roger i m ready,roger i am ready,o roger i m ready,0.0,0,0,0,,,,0.0,0,0,0,,,,0.25,1,0,0,m->am,,,0.25,0,0,1,,,o,0.0,Same,0.0,Same,0.25,Worsen,0.25,Worsen
05-35,VS check. You have control.,VS check you have control.,vs check you have control,vs check you have control,vs check you have control,0.0,0,0,0,,,,0.0,0,0,0,,,,0.0,0,0,0,,,,0.0,0,0,0,,,,0.0,Same,0.0,Same,0.0,Same,0.0,Same
05-36,Roger Captain.,Roger Captain.,roger captain,roger captain,roger captain,0.0,0,0,0,,,,0.0,0,0,0,,,,0.0,0,0,0,,,,0.0,0,0,0,,,,0.0,Same,0.0,Same,0.0,Same,0.0,Same
05-37,1000 to go.,1000 to go.,1000 to go,touch and to go,1000 to go,0.0,0,0,0,,,,0.0,0,0,0,,,,0.6666666666666666,1,0,1,1000->and,,touch,0.0,0,0,0,,,,0.0,Same,-0.6666666666666666,Improvement,0.6666666666666666,Worsen,0.0,Same
05-38,"Busan Tower, Singapore 616. Runway in sight,",Busan Tower Singapore 616 runway inside.,busan tower singapore 616 runway inside,busan tower singapore 616 runway inside,busan tower singapore 616 runway in sight,0.2857142857142857,1,1,0,sight->inside,in,,0.2857142857142857,1,1,0,sight->inside,in,,0.2857142857142857,1,1,0,sight->inside,in,,0.0,0,0,0,,,,0.0,Same,-0.2857142857142857,Improvement,0.0,Same,-0.2857142857142857,Improvement
05-39,Alt Hold.,Alcohol.,alt halt,alt hold,alt hold,1.0,1,1,0,hold->alcohol,alt,,0.5,1,0,0,hold->halt,,,0.0,0,0,0,,,,0.0,0,0,0,,,,-0.5,Improvement,0.0,Same,-1.0,Improvement,-1.0,Improvement
05-40,Heading Sel. Alt Hold. Roger. Activate Route 2.,"Heading South, I'll hold. Roger. Activate Route 2.",heading cell i ll hold roger activate route 2,heading south i ll hold roger activate route 2,heading sel alt hold roger activate route 2,0.375,2,0,1,sel->i | alt->ll,,south,0.375,2,0,1,sel->i | alt->ll,,cell,0.375,2,0,1,sel->i | alt->ll,,south,0.0,0,0,0,,,,0.0,Same,-0.375,Improvement,0.0,Same,-0.375,Improvement
05-41,Execute Confirm,Execute confirm.,execute confirm,execute confirm,execute confirm,0.0,0,0,0,,,,0.0,0,0,0,,,,0.0,0,0,0,,,,0.0,0,0,0,,,,0.0,Same,0.0,Same,0.0,Same,0.0,Same
05-42,Route 2 Activated ,roto activated.,rotu activated,route 2 activated,route 2 activated,0.6666666666666666,1,1,0,2->roto,route,,0.6666666666666666,1,1,0,2->rotu,route,,0.0,0,0,0,,,,0.0,0,0,0,,,,0.0,Same,0.0,Same,-0.6666666666666666,Improvement,-0.6666666666666666,Improvement
05-43,Roger.,Roger.,roger,roger,roger,0.0,0,0,0,,,,0.0,0,0,0,,,,0.0,0,0,0,,,,0.0,0,0,0,,,,0.0,Same,0.0,Same,0.0,Same,0.0,Same
05-44,Execute Confirm.,Execute confirm.,execute confirm,execute confirm,execute confirm,0.0,0,0,0,,,,0.0,0,0,0,,,,0.0,0,0,0,,,,0.0,0,0,0,,,,0.0,Same,0.0,Same,0.0,Same,0.0,Same
05-45,6000 checked.,6000 checked.,6000 checked,6000 checked,6000 checked,0.0,0,0,0,,,,0.0,0,0,0,,,,0.0,0,0,0,,,,0.0,0,0,0,,,,0.0,Same,0.0,Same,0.0,Same,0.0,Same
05-46,Flaps 30.,Flap 30.,flaps 30,flaps 30,flaps 30,0.5,1,0,0,flaps->flap,,,0.0,0,0,0,,,,0.0,0,0,0,,,,0.0,0,0,0,,,,-0.5,Improvement,0.0,Same,-0.5,Improvement,-0.5,Improvement
05-47,Flaps at 30.,Flaps at 30.,flaps at 30,flaps at 30,flaps at 30,0.0,0,0,0,,,,0.0,0,0,0,,,,0.0,0,0,0,,,,0.0,0,0,0,,,,0.0,Same,0.0,Same,0.0,Same,0.0,Same
05-48,Landing checklist below the line. Landing gear.,Anicheva is below the line. Landing gear.,and it s below the line landing gear,landing surface below the line landing gear,landing surface below the line landing gear,0.2857142857142857,2,0,0,landing->anicheva | checklist->is,,,0.42857142857142855,2,0,1,landing->it | checklist->s,,and,0.14285714285714285,1,0,0,checklist->surface,,,0.14285714285714285,1,0,0,checklist->surface,,,0.14285714285714285,Worsen,0.0,Same,-0.14285714285714285,Improvement,-0.14285714285714285,Improvement
05-49,Down speedbreaks.,Down speed brakes.,down speed brakes,down speed breaks,down speedbrakes,1.0,1,0,1,speedbreaks->brakes,,speed,1.0,1,0,1,speedbreaks->brakes,,speed,1.0,1,0,1,speedbreaks->breaks,,speed,0.5,1,0,0,speedbreaks->speedbrakes,,,0.0,Same,-0.5,Improvement,0.0,Same,-0.5,Improvement
05-50,VS -700 check. Speedbreaks armed. Flaps.,Yes -700 check. Speedwag's arms flaps.,vs minus 700 check speed brakes armed flaps,ves minus 700 check speedbrakes armed flaps,vs minus 700 check speedbrakes armed flaps,0.6666666666666666,3,0,1,vs->yes | speedbreaks->s | armed->arms,,speedwag,0.5,1,0,2,speedbreaks->brakes,,minus | speed,0.5,2,0,1,vs->minus | speedbreaks->speedbrakes,,ves,0.3333333333333333,1,0,1,speedbreaks->speedbrakes,,minus,-0.16666666666666663,Improvement,-0.16666666666666669,Improvement,-0.16666666666666663,Improvement,-0.3333333333333333,Improvement
05-51,30. green light. exterior lights On.,30 green light exterior lights On,30 green light exterior lights on,30 green light exterior lights on,30 green light exterior lights on,0.0,0,0,0,,,,0.0,0,0,0,,,,0.0,0,0,0,,,,0.0,0,0,0,,,,0.0,Same,0.0,Same,0.0,Same,0.0,Same
05-52,Roger.,Roger,roger,roger,roger,0.0,0,0,0,,,,0.0,0,0,0,,,,0.0,0,0,0,,,,0.0,0,0,0,,,,0.0,Same,0.0,Same,0.0,Same,0.0,Same
05-53,BCTL2 1200. We are high.,Miss TL 2. 1200. We are high.,bctl 2 1200 we are high,bctl2 1200 we are high,bctl 2 1200 we are high,0.6,1,0,2,bctl2->2,,miss | tl,0.4,1,0,1,bctl2->2,,bctl,0.0,0,0,0,,,,0.4,1,0,1,bctl2->2,,bctl,-0.19999999999999996,Improvement,0.4,Worsen,-0.6,Improvement,-0.19999999999999996,Improvement
05-54,BCTL3. Target is 950 feet.,BCTL 3. Target is 950 feet.,bctl 3 target is 950 feet,bctl3 target is 950 feet,bctl3 target is 950 feet,0.4,1,0,1,bctl3->3,,bctl,0.4,1,0,1,bctl3->3,,bctl,0.0,0,0,0,,,,0.0,0,0,0,,,,0.0,Same,0.0,Same,-0.4,Improvement,-0.4,Improvement
05-55,1000 feet check.,Pause and check.,100 feet check,as in feed check,as and feed check,0.6666666666666666,2,0,0,1000->pause | feet->and,,,0.3333333333333333,1,0,0,1000->100,,,1.0,2,0,1,1000->in | feet->feed,,as,1.0,2,0,1,1000->and | feet->feed,,as,-0.3333333333333333,Improvement,0.0,Same,0.33333333333333337,Worsen,0.33333333333333337,Worsen
05-56,BCTL4 700 feet.,BCT of four 700 feet.,bctl 4 700 feet,bctl4 700 feet,bctl4 700ft,1.0,1,0,2,bctl4->four,,bct | of,0.6666666666666666,1,0,1,bctl4->4,,bctl,0.0,0,0,0,,,,0.6666666666666666,1,1,0,feet->700ft,700,,-0.33333333333333337,Improvement,0.6666666666666666,Worsen,-1.0,Improvement,-0.33333333333333337,Improvement
05-57,Check on profile. 2 whites 2 red.,Check on profile 2 whites to red.,check on profile to what is to read,check on profile two whites two reds,check on profile two whites two reds,0.14285714285714285,1,0,0,2->to,,,0.7142857142857143,4,0,1,2->what | whites->is | 2->to | red->read,,to,0.42857142857142855,3,0,0,2->two | 2->two | red->reds,,,0.42857142857142855,3,0,0,2->two | 2->two | red->reds,,,0.5714285714285714,Worsen,0.0,Same,0.2857142857142857,Worsen,0.2857142857142857,Worsen
05-58,Check. stabilize.,Check. stabilize.,check stabilize,check stabilize,check stabilize,0.0,0,0,0,,,,0.0,0,0,0,,,,0.0,0,0,0,,,,0.0,0,0,0,,,,0.0,Same,0.0,Same,0.0,Same,0.0,Same
05-59,"Speedbrakes not up. OK, speedbreaks up.","Speed brakes not up. OK, speed breaks up.",speedbrakes not up ok speedbrakes up,speed brakes not up okay speed brakes up,speedbrakes not up ok speedbrakes up,0.6666666666666666,2,0,2,speedbrakes->brakes | speedbreaks->breaks,,speed | speed,0.16666666666666666,1,0,0,speedbreaks->speedbrakes,,,0.8333333333333334,3,0,2,speedbrakes->brakes | ok->speed | speedbreaks->brakes,,speed | okay,0.16666666666666666,1,0,0,speedbreaks->speedbrakes,,,-0.5,Improvement,-0.6666666666666667,Improvement,0.16666666666666674,Worsen,-0.5,Improvement
05-60,Reversers normal and autobrake disarmed.,Reverse as normal. And auto break.,reverse as normal and auto brake disarmed,reverse as normal and autobrake disarmed,reverse as normal and autobrake disarmed,0.8,3,0,1,reversers->as | autobrake->auto | disarmed->break,,reverse,0.8,2,0,2,reversers->as | autobrake->brake,,reverse | auto,0.4,1,0,1,reversers->as,,reverse,0.4,1,0,1,reversers->as,,reverse,0.0,Same,0.0,Same,-0.4,Improvement,-0.4,Improvement
05-61,60 knots.,60 knots.,60 knots,60 knots,60 knots,0.0,0,0,0,,,,0.0,0,0,0,,,,0.0,0,0,0,,,,0.0,0,0,0,,,,0.0,Same,0.0,Same,0.0,Same,0.0,Same
06-01,"Roger, Cap. I have control.","Roger, I have control.",roger cap i have control,roger cap i have control,ok roger cap i have control,0.2,0,1,0,,cap,,0.0,0,0,0,,,,0.0,0,0,0,,,,0.2,0,0,1,,,ok,-0.2,Improvement,0.2,Worsen,-0.2,Improvement,0.0,Same
06-02,"Roger, I am ready.","Roger, I am ready.",roger i am ready,roger i am ready,roger i am ready,0.0,0,0,0,,,,0.0,0,0,0,,,,0.0,0,0,0,,,,0.0,0,0,0,,,,0.0,Same,0.0,Same,0.0,Same,0.0,Same
06-03,VS check,"Yes, check.",vs check,vs check,vs check,0.5,1,0,0,vs->yes,,,0.0,0,0,0,,,,0.0,0,0,0,,,,0.0,0,0,0,,,,-0.5,Improvement,0.0,Same,-0.5,Improvement,-0.5,Improvement
06-04,"Roger, Captain.","Roger, Captain.",roger captain,roger captain,roger captain,0.0,0,0,0,,,,0.0,0,0,0,,,,0.0,0,0,0,,,,0.0,0,0,0,,,,0.0,Same,0.0,Same,0.0,Same,0.0,Same
06-05,"Busan Tower, Singapore 616. Runway in sight. Joining downwind runway 18R.",Busan Towers Singapore 616 runway inside joining downwind runway 1/8 right.,busan tower singapore 616 runway inside joining downwind runway 18r,busan tower singapore 616 runway in sight joining downwind runway 18r,busan tower singapore 616 runway in sight joining downwind runway 18 right,0.5454545454545454,3,1,2,tower->towers | sight->inside | 18r->right,in,1 | 8,0.18181818181818182,1,1,0,sight->inside,in,,0.0,0,0,0,,,,0.18181818181818182,1,0,1,18r->right,,18,-0.3636363636363636,Improvement,0.18181818181818182,Worsen,-0.5454545454545454,Improvement,-0.3636363636363636,Improvement
06-06,Execute Confirm?,Execute confirm,execute confirm,execute confirm,execute confirm,0.0,0,0,0,,,,0.0,0,0,0,,,,0.0,0,0,0,,,,0.0,0,0,0,,,,0.0,Same,0.0,Same,0.0,Same,0.0,Same
06-07,Route 2 Activated ,Bluetooth activated.,root 2 activated,root 2 activated,root 2 activated,0.6666666666666666,1,1,0,2->bluetooth,route,,0.3333333333333333,1,0,0,route->root,,,0.3333333333333333,1,0,0,route->root,,,0.3333333333333333,1,0,0,route->root,,,-0.3333333333333333,Improvement,0.0,Same,-0.3333333333333333,Improvement,-0.3333333333333333,Improvement
06-08,Roger. Direct to AB18R.,"Roger, direct to beam 1/8 right?",roger direct to beam 18r,roger direct to beam 18r,roger direct to beam 18r,1.0,1,0,3,ab18r->right,,beam | 1 | 8,0.5,1,0,1,ab18r->18r,,beam,0.5,1,0,1,ab18r->18r,,beam,0.5,1,0,1,ab18r->18r,,beam,-0.5,Improvement,0.0,Same,-0.5,Improvement,-0.5,Improvement
06-09,Execute Confirm?,Execute confirm,execute confirm,execute confirm confirm,execute confirm,0.0,0,0,0,,,,0.0,0,0,0,,,,0.5,0,0,1,,,confirm,0.0,0,0,0,,,,0.0,Same,-0.5,Improvement,0.5,Worsen,0.0,Same
06-10,6000 check,6000 cheque.,6000 check,6000 check,6000 check,0.5,1,0,0,check->cheque,,,0.0,0,0,0,,,,0.0,0,0,0,,,,0.0,0,0,0,,,,-0.5,Improvement,0.0,Same,-0.5,Improvement,-0.5,Improvement
06-11,Flaps 30.,Clap 30.,flaps 30,flaps 30,flaps 30,0.5,1,0,0,flaps->clap,,,0.0,0,0,0,,,,0.0,0,0,0,,,,0.0,0,0,0,,,,-0.5,Improvement,0.0,Same,-0.5,Improvement,-0.5,Improvement
06-12,Flaps at 30.,Flaps at 30.,flapset 30,flaps at 30,flaps at 30,0.0,0,0,0,,,,0.6666666666666666,1,1,0,at->flapset,flaps,,0.0,0,0,0,,,,0.0,0,0,0,,,,0.6666666666666666,Worsen,0.0,Same,0.0,Same,0.0,Same
06-13,Speedbrakes.,Speed brakes.,speedbrakes,speed breaks,speedbrakes,2.0,1,0,1,speedbrakes->brakes,,speed,0.0,0,0,0,,,,2.0,1,0,1,speedbrakes->breaks,,speed,0.0,0,0,0,,,,-2.0,Improvement,-2.0,Improvement,0.0,Same,-2.0,Improvement
06-14,Flaps.,Flaps.,flips,flaps,flaps,0.0,0,0,0,,,,1.0,1,0,0,flaps->flips,,,0.0,0,0,0,,,,0.0,0,0,0,,,,1.0,Worsen,0.0,Same,0.0,Same,0.0,Same
06-15,30. Green light. Exterior lights.,30 green light.,30 green light exterior lights,30 green light exterior lights,30 green light exterior lights,0.4,0,2,0,,exterior | lights,,0.0,0,0,0,,,,0.0,0,0,0,,,,0.0,0,0,0,,,,-0.4,Improvement,0.0,Same,-0.4,Improvement,-0.4,Improvement
06-16,"Obtain 18R, Landing Checklist Complete.",Opting one right. Landing checklist complete.,opting 18r landing checklist complete,opting 18r landing checklist complete,opting 18r landing checklist complete,0.6,2,0,1,obtain->one | 18r->right,,opting,0.2,1,0,0,obtain->opting,,,0.2,1,0,0,obtain->opting,,,0.2,1,0,0,obtain->opting,,,-0.39999999999999997,Improvement,0.0,Same,-0.39999999999999997,Improvement,-0.39999999999999997,Improvement
06-17,Roger.,Roger.,roger,roger,roger,0.0,0,0,0,,,,0.0,0,0,0,,,,0.0,0,0,0,,,,0.0,0,0,0,,,,0.0,Same,0.0,Same,0.0,Same,0.0,Same
06-18,Captain. Supposed to fly in autopilot. Cycling FDs.,E captain is supposed to fly in uh. Cycling FDs.,the captain is supposed to fly in a autopilot,captain is supposed to fly in autopilot,captain is supposed to fly in autopilot,0.375,1,0,2,autopilot->uh,,e | is,0.625,2,1,2,cycling->a | fds->autopilot,autopilot,the | is,0.375,0,2,1,,cycling | fds,is,0.375,0,2,1,,cycling | fds,is,0.25,Worsen,0.0,Same,0.0,Same,0.0,Same
06-19,"Roger, recycling the FDs.",Roger recycling the FTS.,roger recycling the fts,roger recycling the fts,roger recycling the fts,0.25,1,0,0,fds->fts,,,0.25,1,0,0,fds->fts,,,0.25,1,0,0,fds->fts,,,0.25,1,0,0,fds->fts,,,0.0,Same,0.0,Same,0.0,Same,0.0,Same
06-20,"OK, Ok, Roger, Roger. I have control.","OK, Ok, Roger, Roger. I have control.",ok ok roger roger i have control,okay okay roger roger i have control,ok ok roger roger i have control,0.0,0,0,0,,,,0.0,0,0,0,,,,0.2857142857142857,2,0,0,ok->okay | ok->okay,,,0.0,0,0,0,,,,0.0,Same,-0.2857142857142857,Improvement,0.2857142857142857,Worsen,0.0,Same
06-21,"Roger, I am ready.","Roger, I am ready.",roger that i m ready,roger i am ready,roger i am ready,0.0,0,0,0,,,,0.5,1,0,1,am->m,,that,0.0,0,0,0,,,,0.0,0,0,0,,,,0.5,Worsen,0.0,Same,0.0,Same,0.0,Same
06-22,VS check.,VS check.,vs check,vs check,vs check,0.0,0,0,0,,,,0.0,0,0,0,,,,0.0,0,0,0,,,,0.0,0,0,0,,,,0.0,Same,0.0,Same,0.0,Same,0.0,Same
06-23,Roger Captain.,Roger Captain.,roger captain,roger captain,roger captain,0.0,0,0,0,,,,0.0,0,0,0,,,,0.0,0,0,0,,,,0.0,0,0,0,,,,0.0,Same,0.0,Same,0.0,Same,0.0,Same
06-24,"Busan Tower, Singapore 616. Runway in sight. Joining downwind runway 18R.",Buzzan Tower Singapore 616 surround way inside joining downwind runway 18 right?,busan tower singapore 616 runway insight joining downwind runway 18r,busan tower singapore 616 runway in sight joining downwind runway 18r,busan tower singapore 616 runway in sight joining downwind runway 18r,0.5454545454545454,5,0,1,busan->buzzan | runway->surround | in->way | sight->inside | 18r->right,,18,0.18181818181818182,1,1,0,sight->insight,in,,0.0,0,0,0,,,,0.0,0,0,0,,,,-0.3636363636363636,Improvement,0.0,Same,-0.5454545454545454,Improvement,-0.5454545454545454,Improvement
06-25,cleared to join downwind runway 18R.,cleared to join. Don't win? Runaway. Want it right?,to join downwind runway 18r,cleared to join downwind runway 18r,cleared to join downwind runway 18r,1.1666666666666667,3,0,4,downwind->want | runway->it | 18r->right,,don | t | win | runaway,0.16666666666666666,0,1,0,,cleared,,0.0,0,0,0,,,,0.0,0,0,0,,,,-1.0,Improvement,0.0,Same,-1.1666666666666667,Improvement,-1.1666666666666667,Improvement
06-26,Alt Hold.,OK.,okay out pull,a out pull,ok alt hold,1.0,1,1,0,hold->ok,alt,,1.5,2,0,1,alt->out | hold->pull,,okay,1.5,2,0,1,alt->out | hold->pull,,a,0.5,0,0,1,,,ok,0.5,Worsen,-1.0,Improvement,0.5,Worsen,-0.5,Improvement
06-27,Heading Sel.,Heading SO.,eating show,heading 0,heading sel,0.5,1,0,0,sel->so,,,1.0,2,0,0,heading->eating | sel->show,,,0.5,1,0,0,sel->0,,,0.0,0,0,0,,,,0.5,Worsen,-0.5,Improvement,0.0,Same,-0.5,Improvement
06-28,Roger. Activate Route 2.,"Roger, activate Route 2.",roger activate route 2,roger activate route 2,roger activate route 2,0.0,0,0,0,,,,0.0,0,0,0,,,,0.0,0,0,0,,,,0.0,0,0,0,,,,0.0,Same,0.0,Same,0.0,Same,0.0,Same
06-29,Execute confirm?,Execute confirm.,execute confirm,execute confirm,execute confirm,0.0,0,0,0,,,,0.0,0,0,0,,,,0.0,0,0,0,,,,0.0,0,0,0,,,,0.0,Same,0.0,Same,0.0,Same,0.0,Same
06-30,OK. Route 2 Activated. LNAV available.,Key route to activated LNEF available.,ok roto activated lnf available,k route 2 activated lnav available,ok route two activated lnav available,0.5,3,0,0,ok->key | 2->to | lnav->lnef,,,0.5,2,1,0,2->roto | lnav->lnf,route,,0.16666666666666666,1,0,0,ok->k,,,0.16666666666666666,1,0,0,2->two,,,0.0,Same,0.0,Same,-0.33333333333333337,Improvement,-0.33333333333333337,Improvement
06-31,Roger,Roger,roger,roger,roger,0.0,0,0,0,,,,0.0,0,0,0,,,,0.0,0,0,0,,,,0.0,0,0,0,,,,0.0,Same,0.0,Same,0.0,Same,0.0,Same
06-32,Roger Direct to AB18R.,Direct Roger direct to a beam. Want it right?,roger direct to beam 18r,roger direct to beam 18r,roger direct to beam 18r,1.5,1,0,5,ab18r->right,,direct | a | beam | want | it,0.5,1,0,1,ab18r->18r,,beam,0.5,1,0,1,ab18r->18r,,beam,0.5,1,0,1,ab18r->18r,,beam,-1.0,Improvement,0.0,Same,-1.0,Improvement,-1.0,Improvement
06-33,Execute Confirm?,Executive confirm.,execute confirm,execute confirm,execute confirm,0.5,1,0,0,execute->executive,,,0.0,0,0,0,,,,0.0,0,0,0,,,,0.0,0,0,0,,,,-0.5,Improvement,0.0,Same,-0.5,Improvement,-0.5,Improvement
06-34,Direct AB18R.,Direct a beam. Want it right?,direct up you want it right,direct ab18r,direct ab18r,2.5,1,0,4,ab18r->right,,a | beam | want | it,2.5,1,0,4,ab18r->right,,up | you | want | it,0.0,0,0,0,,,,0.0,0,0,0,,,,0.0,Same,0.0,Same,-2.5,Improvement,-2.5,Improvement
06-35,6000 feet check.,6000 feet. Check.,6000 feet check,6000 feet check,6000 feet check,0.0,0,0,0,,,,0.0,0,0,0,,,,0.0,0,0,0,,,,0.0,0,0,0,,,,0.0,Same,0.0,Same,0.0,Same,0.0,Same
06-36,Flaps 30. ,,let s study,flaps 30,flaps 30,1.0,0,2,0,,flaps | 30,,1.5,2,0,1,flaps->s | 30->study,,let,0.0,0,0,0,,,,0.0,0,0,0,,,,0.5,Worsen,0.0,Same,-1.0,Improvement,-1.0,Improvement
06-37,Flaps at 30.,Flaps.,flaps at 30,flaps at 30,flaps at 30,0.6666666666666666,0,2,0,,at | 30,,0.0,0,0,0,,,,0.0,0,0,0,,,,0.0,0,0,0,,,,-0.6666666666666666,Improvement,0.0,Same,-0.6666666666666666,Improvement,-0.6666666666666666,Improvement
06-38,Landing Gear. Speedbrakes.,Linda Gear. Speed bricks.,end gear speed brakes,end gear speed breaks,ending gear speedbrakes,1.0,2,0,1,landing->linda | speedbrakes->bricks,,speed,1.0,2,0,1,landing->end | speedbrakes->brakes,,speed,1.0,2,0,1,landing->end | speedbrakes->breaks,,speed,0.3333333333333333,1,0,0,landing->ending,,,0.0,Same,-0.6666666666666667,Improvement,0.0,Same,-0.6666666666666667,Improvement
06-39,Flaps,Flips.,flips,flaps,flaps,1.0,1,0,0,flaps->flips,,,1.0,1,0,0,flaps->flips,,,0.0,0,0,0,,,,0.0,0,0,0,,,,0.0,Same,0.0,Same,-1.0,Improvement,-1.0,Improvement
06-40,30. Green Lights. Exterior Lights.,Are you going to exterior lights?,that is green light x ray lights,30green light exterior lights op,30 green light exterior lights,0.8,3,0,1,30->you | green->going | lights->to,,are,1.0,3,0,2,30->is | lights->x | exterior->ray,,that | light,0.8,2,1,1,green->30green | lights->light,30,op,0.2,1,0,0,lights->light,,,0.19999999999999996,Worsen,-0.6000000000000001,Improvement,0.0,Same,-0.6000000000000001,Improvement
06-41,OK. Obtain Runway 18R. Landing checklist complete.,On OK obtain right one way right then each right is complete.,if i ve been wrong we want it right then it is complete,opting runway 18r landing flight is complete,optain runway 18r landing flight is complete,1.2857142857142858,4,0,5,runway->then | 18r->each | landing->right | checklist->is,,on | right | one | way | right,1.7142857142857142,6,0,6,ok->want | obtain->it | runway->right | 18r->then | landing->it | checklist->is,,if | i | ve | been | wrong | we,0.5714285714285714,2,1,1,obtain->opting | checklist->is,ok,flight,0.5714285714285714,2,1,1,obtain->optain | checklist->is,ok,flight,0.4285714285714284,Worsen,0.0,Same,-0.7142857142857144,Improvement,-0.7142857142857144,Improvement
06-42,Roger,Roger.,oh jeez,roger,roger,0.0,0,0,0,,,,2.0,1,0,1,roger->jeez,,oh,0.0,0,0,0,,,,0.0,0,0,0,,,,2.0,Worsen,0.0,Same,0.0,Same,0.0,Same
06-43,LNAV,"I'll tell you, I'll never.",help me,cycle,help me cycle,7.0,1,0,6,lnav->never,,i | ll | tell | you | i | ll,2.0,1,0,1,lnav->me,,help,1.0,1,0,0,lnav->cycle,,,3.0,1,0,2,lnav->cycle,,help | me,-5.0,Improvement,2.0,Worsen,-6.0,Improvement,-4.0,Improvement
06-44,Confirm. Recycle FDs.,Confirm recycled.,confirm you re secure after this,confirm recycled fds,confirm recycle fds,0.6666666666666666,1,1,0,fds->recycled,recycle,,1.6666666666666667,2,0,3,recycle->after | fds->this,,you | re | secure,0.3333333333333333,1,0,0,recycle->recycled,,,0.0,0,0,0,,,,1.0,Worsen,-0.3333333333333333,Improvement,-0.3333333333333333,Improvement,-0.6666666666666666,Improvement
06-45,Roger. Cycling the FDs.,"Hey Roger, cycling the FDS.",hey roger is cycling the fds,hey roger cycling to fd sir,ok roger cycling the fds,0.25,0,0,1,,,hey,0.5,0,0,2,,,hey | is,1.0,2,0,2,the->fd | fds->sir,,hey | to,0.25,0,0,1,,,ok,0.25,Worsen,-0.75,Improvement,0.75,Worsen,0.0,Same
06-46,Cap. We are high.,"OK, Cap, we are high.",tip we are high,okay we are high,ok we are high,0.25,0,0,1,,,ok,0.25,1,0,0,cap->tip,,,0.25,1,0,0,cap->okay,,,0.25,1,0,0,cap->ok,,,0.0,Same,0.0,Same,0.0,Same,0.0,Same
06-47,4 Whites.,For heights. ,for whites,4 heights,4 heights,1.0,2,0,0,4->for | whites->heights,,,0.5,1,0,0,4->for,,,0.5,1,0,0,whites->heights,,,0.5,1,0,0,whites->heights,,,-0.5,Improvement,0.0,Same,-0.5,Improvement,-0.5,Improvement
06-48,Check. Captain we are high. Go around.,check. Captain will Hi go around.,check captain we are high go around,check captain we are high go around,check captain we are high go around,0.42857142857142855,2,1,0,are->will | high->hi,we,,0.0,0,0,0,,,,0.0,0,0,0,,,,0.0,0,0,0,,,,-0.42857142857142855,Improvement,0.0,Same,-0.42857142857142855,Improvement,-0.42857142857142855,Improvement
07-01,"Roger, Captain. Flaps 30. Execute. Confirm."," Roger, Captain Flaps 30. Execute. Confirm.",roger captain flaps 30 execute confirm,roger captain flaps 30 execute confirm,roger captain flaps 30 execute confirm,0.0,0,0,0,,,,0.0,0,0,0,,,,0.0,0,0,0,,,,0.0,0,0,0,,,,0.0,Same,0.0,Same,0.0,Same,0.0,Same
07-02,"Roger, I have control.","Roger, I have control.",roger i have control,roger i have control,roger i have control,0.0,0,0,0,,,,0.0,0,0,0,,,,0.0,0,0,0,,,,0.0,0,0,0,,,,0.0,Same,0.0,Same,0.0,Same,0.0,Same
07-03,"Roger, I am ready.","Roger, I am ready.",roger i am ready,roger i am ready,roger i am ready,0.0,0,0,0,,,,0.0,0,0,0,,,,0.0,0,0,0,,,,0.0,0,0,0,,,,0.0,Same,0.0,Same,0.0,Same,0.0,Same
07-04,VS check.,VS check.,vs check,vs check,vs check,0.0,0,0,0,,,,0.0,0,0,0,,,,0.0,0,0,0,,,,0.0,0,0,0,,,,0.0,Same,0.0,Same,0.0,Same,0.0,Same
07-05,I am on route 2 LEGS.,I am on route 2 lakes.,i am on route 2 lakes,i am on route two lakes,i am on route to lakes,0.16666666666666666,1,0,0,legs->lakes,,,0.16666666666666666,1,0,0,legs->lakes,,,0.3333333333333333,2,0,0,2->two | legs->lakes,,,0.3333333333333333,2,0,0,2->to | legs->lakes,,,0.0,Same,0.0,Same,0.16666666666666666,Worsen,0.16666666666666666,Worsen
07-06,I am with you on Route 2 LEGS.,I am with you on Route 2 legs.,i am with you on route 2 legs,i am with you on route two legs,i am with you on route two legs,0.0,0,0,0,,,,0.0,0,0,0,,,,0.125,1,0,0,2->two,,,0.125,1,0,0,2->two,,,0.0,Same,0.0,Same,0.125,Worsen,0.125,Worsen
07-07,"Captain, would you like Control?","Captain, would you like Control?",captain would you like control,captain would you like control,captain would you like control,0.0,0,0,0,,,,0.0,0,0,0,,,,0.0,0,0,0,,,,0.0,0,0,0,,,,0.0,Same,0.0,Same,0.0,Same,0.0,Same
07-08,"Busan Tower, Singapore 616 runway in sight.","Busan Tower, Singapore 616 runway in site.",busan tower singapore 616 runway in sight,busan tower singapore 616 runway in sight,busan tower singapore 616 runway in sight,0.14285714285714285,1,0,0,sight->site,,,0.0,0,0,0,,,,0.0,0,0,0,,,,0.0,0,0,0,,,,-0.14285714285714285,Improvement,0.0,Same,-0.14285714285714285,Improvement,-0.14285714285714285,Improvement
07-09,Clear to land runway 18R. Singapore 616.,Singapore 616.,cleared to land runway 18r singapore 616,cleared to land runway 18r singapore 616,cleared to land runway 18r singapore 616,0.7142857142857143,0,5,0,,clear | to | land | runway | 18r,,0.14285714285714285,1,0,0,clear->cleared,,,0.14285714285714285,1,0,0,clear->cleared,,,0.14285714285714285,1,0,0,clear->cleared,,,-0.5714285714285714,Improvement,0.0,Same,-0.5714285714285714,Improvement,-0.5714285714285714,Improvement
07-10,Alt Hold. ,Outhold.,out hold,out hold,alt hold,1.0,1,1,0,hold->outhold,alt,,0.5,1,0,0,alt->out,,,0.5,1,0,0,alt->out,,,0.0,0,0,0,,,,-0.5,Improvement,-0.5,Improvement,-0.5,Improvement,-1.0,Improvement
07-11,Heading Sel. Route 2.,Heading Cell. Route 2.,heading cell route 2,aiding cell route 2,heading sel route 2,0.25,1,0,0,sel->cell,,,0.25,1,0,0,sel->cell,,,0.5,2,0,0,heading->aiding | sel->cell,,,0.0,0,0,0,,,,0.0,Same,-0.5,Improvement,0.25,Worsen,-0.25,Improvement
07-12,Route 2 activated.,Route 2 activated.,route 2 activated,route 2 activated,route 2 activated,0.0,0,0,0,,,,0.0,0,0,0,,,,0.0,0,0,0,,,,0.0,0,0,0,,,,0.0,Same,0.0,Same,0.0,Same,0.0,Same
07-13,Roger. Direct to AB18R.,"Roger direct to EBIM 1/8, right?",roger direct to abim 18r,roger direct to ab18r,roger direct to ab18r,1.0,1,0,3,ab18r->right,,ebim | 1 | 8,0.5,1,0,1,ab18r->18r,,abim,0.0,0,0,0,,,,0.0,0,0,0,,,,-0.5,Improvement,0.0,Same,-1.0,Improvement,-1.0,Improvement
07-14,Confirm.,Confirm.,confirm,confirm,confirm,0.0,0,0,0,,,,0.0,0,0,0,,,,0.0,0,0,0,,,,0.0,0,0,0,,,,0.0,Same,0.0,Same,0.0,Same,0.0,Same
07-15,Confirm.,Confirm.,confirm,confirm,confirm,0.0,0,0,0,,,,0.0,0,0,0,,,,0.0,0,0,0,,,,0.0,0,0,0,,,,0.0,Same,0.0,Same,0.0,Same,0.0,Same
07-16,6000 is checked.,6000 is checked.,6000 is checked,6000 is checked,6000 is checked,0.0,0,0,0,,,,0.0,0,0,0,,,,0.0,0,0,0,,,,0.0,0,0,0,,,,0.0,Same,0.0,Same,0.0,Same,0.0,Same
07-17,Speed Check. Flaps 30. ,Speak. Check. Flaps dirty.,speed check flaps 30,speed check flaps 30,speed check flaps 30,0.5,2,0,0,speed->speak | 30->dirty,,,0.0,0,0,0,,,,0.0,0,0,0,,,,0.0,0,0,0,,,,-0.5,Improvement,0.0,Same,-0.5,Improvement,-0.5,Improvement
07-18,Flaps at 30.,Flaps at 30.,flaps at 30,flaps at 30,flaps at 30,0.0,0,0,0,,,,0.0,0,0,0,,,,0.0,0,0,0,,,,0.0,0,0,0,,,,0.0,Same,0.0,Same,0.0,Same,0.0,Same
07-19,Landing checklist below the line. Landing Gear.,The ending checklist below the line.,tending checklist below the line blending gear,tending checklist below the line blending gear,tending checklist below the line blending gear down,0.5714285714285714,1,2,1,landing->ending,landing | gear,the,0.2857142857142857,2,0,0,landing->tending | landing->blending,,,0.2857142857142857,2,0,0,landing->tending | landing->blending,,,0.42857142857142855,2,0,1,landing->tending | landing->blending,,down,-0.2857142857142857,Improvement,0.14285714285714285,Worsen,-0.2857142857142857,Improvement,-0.14285714285714285,Improvement
07-20,Down. Speedbrake.,Down speed brake.,down speed brake,down speed break,down speedbrake r,1.0,1,0,1,speedbrake->brake,,speed,1.0,1,0,1,speedbrake->brake,,speed,1.0,1,0,1,speedbrake->break,,speed,0.5,0,0,1,,,r,0.0,Same,-0.5,Improvement,0.0,Same,-0.5,Improvement
07-21,Check. 30. Green Light.,Check dirty green light.,check 30 green light,check 30 green light,check 30 green light,0.25,1,0,0,30->dirty,,,0.0,0,0,0,,,,0.0,0,0,0,,,,0.0,0,0,0,,,,-0.25,Improvement,0.0,Same,-0.25,Improvement,-0.25,Improvement
07-22,Landing Clearance.,Landing clearance.,landing clearance,landing clearance,landing clearance,0.0,0,0,0,,,,0.0,0,0,0,,,,0.0,0,0,0,,,,0.0,0,0,0,,,,0.0,Same,0.0,Same,0.0,Same,0.0,Same
07-23,Check. Roger.,"Jack, Roger.",check roger,check roger,check roger,0.5,1,0,0,check->jack,,,0.0,0,0,0,,,,0.0,0,0,0,,,,0.0,0,0,0,,,,-0.5,Improvement,0.0,Same,-0.5,Improvement,-0.5,Improvement
07-24,FDs recycled.,FDS Recycled.,fd is recycled,fd is recycled,fd is recycled,0.0,0,0,0,,,,1.0,1,0,1,fds->is,,fd,1.0,1,0,1,fds->is,,fd,1.0,1,0,1,fds->is,,fd,1.0,Worsen,0.0,Same,1.0,Worsen,1.0,Worsen
07-25,"2 Reds, 2 Whites on the PAPI.","Two Reds, 2 whites on the puppy.",two reds two whites on the puppy,2 reds 2 whites on the puppy,2 reds 2 whites on the papi,0.2857142857142857,2,0,0,2->two | papi->puppy,,,0.42857142857142855,3,0,0,2->two | 2->two | papi->puppy,,,0.14285714285714285,1,0,0,papi->puppy,,,0.0,0,0,0,,,,0.14285714285714285,Worsen,-0.14285714285714285,Improvement,-0.14285714285714285,Improvement,-0.2857142857142857,Improvement
07-26,Stabilized. Standby. Disregard. Sorry.,Stabilized. Standby. Disregard. Sorry.,stabilized standby disregard sorry,stabilized standby disregard sorry,stabilized standby disregard sorry,0.0,0,0,0,,,,0.0,0,0,0,,,,0.0,0,0,0,,,,0.0,0,0,0,,,,0.0,Same,0.0,Same,0.0,Same,0.0,Same
07-27,"Two Reds, 2 whites on the PAPI, Sir.","Two Reds, 2 whites on the puppy, Sir.",two reds two whites on the puppy sir,two reds two whites on the papi sir,2 reds 2 whites on the papi sir,0.125,1,0,0,papi->puppy,,,0.25,2,0,0,2->two | papi->puppy,,,0.125,1,0,0,2->two,,,0.125,1,0,0,two->2,,,0.125,Worsen,0.0,Same,0.0,Same,0.0,Same
07-28,Stabilized.,Stabilized.,stabilized,stabilized,stabilized,0.0,0,0,0,,,,0.0,0,0,0,,,,0.0,0,0,0,,,,0.0,0,0,0,,,,0.0,Same,0.0,Same,0.0,Same,0.0,Same
07-29,"Roger, I have control.","Roger, I have control.",roger i have control,roger i have control,roger i have control,0.0,0,0,0,,,,0.0,0,0,0,,,,0.0,0,0,0,,,,0.0,0,0,0,,,,0.0,Same,0.0,Same,0.0,Same,0.0,Same
07-30,"Roger, I am ready.","Roger, I am ready.",roger i am ready,roger i am ready,roger i am ready,0.0,0,0,0,,,,0.0,0,0,0,,,,0.0,0,0,0,,,,0.0,0,0,0,,,,0.0,Same,0.0,Same,0.0,Same,0.0,Same
07-31,VS check.,VS check.,vs check,vs check,vs check,0.0,0,0,0,,,,0.0,0,0,0,,,,0.0,0,0,0,,,,0.0,0,0,0,,,,0.0,Same,0.0,Same,0.0,Same,0.0,Same
07-32,Route 2 LEGS.,Route 2 lakes.,route 2 links,route to lakes,route to lakes,0.3333333333333333,1,0,0,legs->lakes,,,0.3333333333333333,1,0,0,legs->links,,,0.6666666666666666,2,0,0,2->to | legs->lakes,,,0.6666666666666666,2,0,0,2->to | legs->lakes,,,0.0,Same,0.0,Same,0.3333333333333333,Worsen,0.3333333333333333,Worsen
07-33,Busan Tower Singapore 616 runway in sight. Joining downwind runway 18R.,Busan Tower Singapore 616 runway inside Jordan downwind runway 1/8 right.,busan tower singapore 616 runway inside joining downwind runway 18r,busan tower singapore 616 runway in sight joining downwind runway 18r,busan tower singapore 616 runway in sight joining downwind runway 18 right,0.5454545454545454,3,1,2,sight->inside | joining->jordan | 18r->right,in,1 | 8,0.18181818181818182,1,1,0,sight->inside,in,,0.0,0,0,0,,,,0.18181818181818182,1,0,1,18r->right,,18,-0.3636363636363636,Improvement,0.18181818181818182,Worsen,-0.5454545454545454,Improvement,-0.3636363636363636,Improvement
07-34,Clear to land runway 18R. Singapore 616.,"Cleared land runway 1/8, right. Singapore 6/16.",cleared to land runway 18r singapore 616,cleared to land runway 18r singapore 616,cleared to land runway 18r singapore 616,1.0,3,1,3,to->cleared | 18r->right | 616->16,clear,1 | 8 | 6,0.14285714285714285,1,0,0,clear->cleared,,,0.14285714285714285,1,0,0,clear->cleared,,,0.14285714285714285,1,0,0,clear->cleared,,,-0.8571428571428572,Improvement,0.0,Same,-0.8571428571428572,Improvement,-0.8571428571428572,Improvement
07-35,Heading Sel. Alt Hold. ,Betting sell out whole.,heading cell outhaul,heading cell auteuil,heading sel alt hold,1.0,4,0,0,heading->betting | sel->sell | alt->out | hold->whole,,,0.75,2,1,0,alt->cell | hold->outhaul,sel,,0.75,2,1,0,alt->cell | hold->auteuil,sel,,0.0,0,0,0,,,,-0.25,Improvement,-0.75,Improvement,-0.25,Improvement,-1.0,Improvement
07-36,Activating Route 2,Activating Route 2.,activating route 2,activating route 2,activating route 2,0.0,0,0,0,,,,0.0,0,0,0,,,,0.0,0,0,0,,,,0.0,0,0,0,,,,0.0,Same,0.0,Same,0.0,Same,0.0,Same
07-37,Confirm.,Confirm.,confirm confirm,confirm,confirm,0.0,0,0,0,,,,1.0,0,0,1,,,confirm,0.0,0,0,0,,,,0.0,0,0,0,,,,1.0,Worsen,0.0,Same,0.0,Same,0.0,Same
07-38,Execute.,Execute.,execute,execute,execute,0.0,0,0,0,,,,0.0,0,0,0,,,,0.0,0,0,0,,,,0.0,0,0,0,,,,0.0,Same,0.0,Same,0.0,Same,0.0,Same
07-39,Route 2 activated.,Route 2 activated.,root to activated,route 2 activated,route 2 activated,0.0,0,0,0,,,,0.6666666666666666,2,0,0,route->root | 2->to,,,0.0,0,0,0,,,,0.0,0,0,0,,,,0.6666666666666666,Worsen,0.0,Same,0.0,Same,0.0,Same
07-40,Direct to AB18R.,Direct to a beam.,direct to a beam 1a ride,direct to ab18r,direct to ab18r,0.6666666666666666,1,0,1,ab18r->beam,,a,1.3333333333333333,1,0,3,ab18r->ride,,a | beam | 1a,0.0,0,0,0,,,,0.0,0,0,0,,,,0.6666666666666666,Worsen,0.0,Same,-0.6666666666666666,Improvement,-0.6666666666666666,Improvement
07-41,Confirm.,Confirm.,confirm,confirm,confirm,0.0,0,0,0,,,,0.0,0,0,0,,,,0.0,0,0,0,,,,0.0,0,0,0,,,,0.0,Same,0.0,Same,0.0,Same,0.0,Same
07-42,Direct AB18R.,Direct a beam 1/8 right.,direct a beam 18 right,direct ab18r,direct ab18r,2.5,1,0,4,ab18r->right,,a | beam | 1 | 8,2.0,1,0,3,ab18r->right,,a | beam | 18,0.0,0,0,0,,,,0.0,0,0,0,,,,-0.5,Improvement,0.0,Same,-2.5,Improvement,-2.5,Improvement
07-43,Check.,Check.,check,check,check,0.0,0,0,0,,,,0.0,0,0,0,,,,0.0,0,0,0,,,,0.0,0,0,0,,,,0.0,Same,0.0,Same,0.0,Same,0.0,Same
07-44,Flaps 30.,Flaps 30.,flaps 30,flaps 30,flaps 30,0.0,0,0,0,,,,0.0,0,0,0,,,,0.0,0,0,0,,,,0.0,0,0,0,,,,0.0,Same,0.0,Same,0.0,Same,0.0,Same
07-45,Cap. LNAV is available.,Caplanv is available.,caplnav is available,cap lnav is available,cap alnaff is available,0.5,1,1,0,lnav->caplanv,cap,,0.5,1,1,0,lnav->caplnav,cap,,0.0,0,0,0,,,,0.25,1,0,0,lnav->alnaff,,,0.0,Same,0.25,Worsen,-0.5,Improvement,-0.25,Improvement
07-46,Landing checklist below the line. Landing Gear.,I didn't check this build align landing gear.,i didn t check this below the line landing gear,alline checklist below the line landing gear,alim checklist below the line landing gear,1.0,5,0,2,landing->t | checklist->check | below->this | the->build | line->align,,i | didn,0.7142857142857143,2,0,3,landing->check | checklist->this,,i | didn | t,0.14285714285714285,1,0,0,landing->alline,,,0.14285714285714285,1,0,0,landing->alim,,,-0.2857142857142857,Improvement,0.0,Same,-0.8571428571428572,Improvement,-0.8571428571428572,Improvement
07-47,Down. Speedbrakes.,Down speed.,down speed brakes,down speed breaks,down speedbrakes,0.5,1,0,0,speedbrakes->speed,,,1.0,1,0,1,speedbrakes->brakes,,speed,1.0,1,0,1,speedbrakes->breaks,,speed,0.0,0,0,0,,,,0.5,Worsen,-1.0,Improvement,0.5,Worsen,-0.5,Improvement
07-48,Flaps.,Flaps.,flaps,flaps,flaps,0.0,0,0,0,,,,0.0,0,0,0,,,,0.0,0,0,0,,,,0.0,0,0,0,,,,0.0,Same,0.0,Same,0.0,Same,0.0,Same
07-49,VS 700 is checked.,VS 700 is checked.,vs 700 is checked,vs 700 is checked,vs 700 is checked,0.0,0,0,0,,,,0.0,0,0,0,,,,0.0,0,0,0,,,,0.0,0,0,0,,,,0.0,Same,0.0,Same,0.0,Same,0.0,Same
07-50,On. Landing clearance.,On. Lending clearance.,on landing clearance,on landing clearance,on landing clearance,0.3333333333333333,1,0,0,landing->lending,,,0.0,0,0,0,,,,0.0,0,0,0,,,,0.0,0,0,0,,,,-0.3333333333333333,Improvement,0.0,Same,-0.3333333333333333,Improvement,-0.3333333333333333,Improvement
07-51,Flight directors.,Flight directors.,flight directors,flight directors,flight directors,0.0,0,0,0,,,,0.0,0,0,0,,,,0.0,0,0,0,,,,0.0,0,0,0,,,,0.0,Same,0.0,Same,0.0,Same,0.0,Same
07-52,Cycling FDs.,Cycling FDS.,cycling fds,cycling fds,cycling fds,0.0,0,0,0,,,,0.0,0,0,0,,,,0.0,0,0,0,,,,0.0,0,0,0,,,,0.0,Same,0.0,Same,0.0,Same,0.0,Same
07-53,4 whites on the PAPI. You are a bit high Captain.,4 whites on the puppy. You are a bit high captain.,4 whites on the puppy you re a bit high captain,4 whites on the puppy you are a bit high captain,4 whites on the papi you are a bit high captain,0.09090909090909091,1,0,0,papi->puppy,,,0.18181818181818182,2,0,0,papi->puppy | are->re,,,0.09090909090909091,1,0,0,papi->puppy,,,0.0,0,0,0,,,,0.09090909090909091,Worsen,-0.09090909090909091,Improvement,0.0,Same,-0.09090909090909091,Improvement
07-54,2 Reds 2 Whites on the PAPI. ,"Two Reds, 2 whites on the puppy",two reds two whites on the puppy you re on,two reds two whites on the papi you are on,2 reds 2 whites on the papi you are on,0.2857142857142857,2,0,0,2->two | papi->puppy,,,0.8571428571428571,3,0,3,2->two | 2->two | papi->on,,puppy | you | re,0.7142857142857143,2,0,3,2->two | 2->two,,you | are | on,0.42857142857142855,0,0,3,,,you | are | on,0.5714285714285714,Worsen,-0.28571428571428575,Improvement,0.4285714285714286,Worsen,0.14285714285714285,Worsen
07-55,Stabilized.,Stabilized.,stabilized,stabilized,stabilized,0.0,0,0,0,,,,0.0,0,0,0,,,,0.0,0,0,0,,,,0.0,0,0,0,,,,0.0,Same,0.0,Same,0.0,Same,0.0,Same
07-56,Speedbrake up and reversers normal.,Speak back up and reverse as normal.,speak back up and reverse as normal,speed break up and reverse as normal,speedbrake up and reverse as normal,0.8,2,0,2,speedbrake->back | reversers->as,,speak | reverse,0.8,2,0,2,speedbrake->back | reversers->as,,speak | reverse,0.8,2,0,2,speedbrake->break | reversers->as,,speed | reverse,0.4,1,0,1,reversers->as,,reverse,0.0,Same,-0.4,Improvement,0.0,Same,-0.4,Improvement
07-57,Autobrake disarmed.,How to break this arm?,how to break this arm,auto break disarm,auto brake disarm,2.5,2,0,3,autobrake->this | disarmed->arm,,how | to | break,2.5,2,0,3,autobrake->this | disarmed->arm,,how | to | break,1.5,2,0,1,autobrake->break | disarmed->disarm,,auto,1.5,2,0,1,autobrake->brake | disarmed->disarm,,auto,0.0,Same,0.0,Same,-1.0,Improvement,-1.0,Improvement
07-58,60 knots.,60 knots.,60 knots,60 knots,60 knots,0.0,0,0,0,,,,0.0,0,0,0,,,,0.0,0,0,0,,,,0.0,0,0,0,,,,0.0,Same,0.0,Same,0.0,Same,0.0,Same
